order,batch_id,module_id,module,hub_sc,accent,batch_title,sc_count,sc_ids,page_files,special_prompt,module_prompt,tier,status
1,RD-M02-B01,RD-M02,auth,sc001Login,"Trust, security, clarity",auth — all,6,sc001Login;sc002Register;sc003Otp;sc004TwoFaSetup;sc005ForgotPassword;sc006ResetPassword,lib/features/auth/presentation/pages/login_page.dart;lib/features/auth/presentation/pages/register_page.dart;lib/features/auth/presentation/pages/otp_page.dart;lib/features/auth/presentation/pages/two_fa_setup_page.dart;lib/features/auth/presentation/pages/forgot_password_page.dart;lib/features/auth/presentation/pages/reset_password_page.dart,prompt-redesign/auth-hub.md,prompt-redesign/auth-hub.md,A_hub,done
2,RD-M03-B01,RD-M03,onboarding,sc397Onboarding,Guided first-run,onboarding — all,1,sc397Onboarding,lib/features/onboarding/presentation/pages/onboarding_flow.dart,,,B_simple,done
3,RD-K01,RD-M04,markets,sc008MarketList,"Scan, compare, data",Hub & overview,5,sc008MarketList;sc009MarketOverview;sc010MarketMovers;sc011MarketSectors;sc012Watchlist,lib/features/markets/presentation/pages/market_list_page.dart;lib/features/markets/presentation/pages/market_overview_page.dart;lib/features/markets/presentation/pages/market_movers_page.dart;lib/features/markets/presentation/pages/market_sectors_page.dart;lib/features/markets/presentation/pages/watchlist_page.dart,prompt-redesign/markets-hub.md,prompt-redesign/markets-hub.md,A_hub,done
4,RD-K02,RD-M04,markets,sc008MarketList,"Scan, compare, data",Discovery tools,6,sc013MarketHeatmap;sc014PriceAlerts;sc015MarketScreener;sc016ComparisonTool;sc017MarketCalendar;sc018DerivativesOverview,lib/features/markets/presentation/pages/market_heatmap_page.dart;lib/features/markets/presentation/pages/price_alerts_page.dart;lib/features/markets/presentation/pages/market_screener_page.dart;lib/features/markets/presentation/pages/comparison_tool_page.dart;lib/features/markets/presentation/pages/market_calendar_page.dart;lib/features/markets/presentation/pages/derivatives_overview_page.dart,,prompt-redesign/markets-hub.md,B_child,done
5,RD-K03,RD-M04,markets,sc008MarketList,"Scan, compare, data",Depth & sentiment,8,sc019MarketDepth;sc020SocialSentiment;sc021PortfolioTracker;sc022MarketNews;sc023AdvancedCharts;sc024TokenUnlocks;sc025SocialSignals;sc026MarketCorrelations,lib/features/markets/presentation/pages/market_depth_page.dart;lib/features/markets/presentation/pages/social_sentiment_page.dart;lib/features/markets/presentation/pages/portfolio_tracker_page.dart;lib/features/markets/presentation/pages/market_news_page.dart;lib/features/markets/presentation/pages/advanced_charts_page.dart;lib/features/markets/presentation/pages/token_unlocks_page.dart;lib/features/markets/presentation/pages/social_signals_page.dart;lib/features/markets/presentation/pages/market_correlations_page.dart,,prompt-redesign/markets-hub.md,B_child,done
6,RD-K04,RD-M04,markets,sc008MarketList,"Scan, compare, data",Pair detail,3,sc044PairDetail;sc045TokenInfo;sc046PairDepth,lib/features/markets/presentation/pages/pair_detail_page.dart;lib/features/markets/presentation/pages/token_info_page.dart;lib/features/markets/presentation/pages/market_depth_page.dart,,prompt-redesign/markets-hub.md,B_child,done
7,RD-T01,RD-M05,trade,sc048Trade,"Action, precision, risk",Hub giao dịch cốt lõi,9,sc048Trade;sc049TradePair;sc052TradeSettings;sc053PositionDashboard;sc054TradeHistoryExport;sc055AdvancedChart;sc056Convert;sc057Futures;sc058Leverage,lib/features/trade/presentation/pages/trade_page.dart;lib/features/trade/presentation/pages/trade_page.dart;lib/features/trade/presentation/pages/trade_settings_page.dart;lib/features/trade/presentation/pages/position_dashboard_page.dart;lib/features/trade/presentation/pages/trade_history_export_page.dart;lib/features/trade/presentation/pages/advanced_chart_page.dart;lib/features/trade/presentation/pages/convert_page.dart;lib/features/trade/presentation/pages/futures_page.dart;lib/features/trade/presentation/pages/leverage_page.dart,prompt-redesign/trade-core-hub.md,prompt-redesign/trade-core-hub.md,A_hub,done
8,RD-T02,RD-M05,trade,sc048Trade,"Action, precision, risk",Hub Trading Bots SC-059,1,sc059TradingBots,lib/features/trade/presentation/pages/trading_bots_page.dart,prompt-redesign/trading-bots-hub.md,prompt-redesign/trading-bots-hub.md,A_hub,done
9,RD-T03,RD-M05,trade,sc048Trade,"Action, precision, risk",Bot vận hành & analytics,14,sc117BotTermsOfService;sc118BotRiskDisclosure;sc119BotSuitabilityAssessment;sc120BotRiskDashboard;sc121BotEmergencyStop;sc122BotSecuritySettings;sc123BotHistory;sc124BotPerformanceAnalytics;sc125BotBacktesting;sc126BotStrategyCompare;sc127BotOptimization;sc128BotPortfolioDashboard;sc129BotDrawdownAnalyzer;sc130BotEquityCurve,lib/features/trade/presentation/pages/bot_terms_of_service_page.dart;lib/features/trade/presentation/pages/bot_risk_disclosure_page.dart;lib/features/trade/presentation/pages/bot_suitability_assessment_page.dart;lib/features/trade/presentation/pages/bot_risk_dashboard_page.dart;lib/features/trade/presentation/pages/bot_emergency_stop_page.dart;lib/features/trade/presentation/pages/bot_security_settings_page.dart;lib/features/trade/presentation/pages/bot_history_page.dart;lib/features/trade/presentation/pages/bot_performance_analytics_page.dart;lib/features/trade/presentation/pages/bot_backtesting_page.dart;lib/features/trade/presentation/pages/bot_strategy_compare_page.dart;lib/features/trade/presentation/pages/bot_optimization_page.dart;lib/features/trade/presentation/pages/bot_portfolio_dashboard_page.dart;lib/features/trade/presentation/pages/bot_drawdown_analyzer_page.dart;lib/features/trade/presentation/pages/bot_equity_curve_page.dart,,prompt-redesign/trading-bots-hub.md,B_child,done
10,RD-T04,RD-M05,trade,sc048Trade,"Action, precision, risk",Bot guide & tax,4,sc131BotGuide;sc132BotFaq;sc133BotTaxReporting;sc134BotApiDocumentation,lib/features/trade/presentation/pages/bot_guide_page.dart;lib/features/trade/presentation/pages/bot_faq_page.dart;lib/features/trade/presentation/pages/bot_tax_reporting_page.dart;lib/features/trade/presentation/pages/bot_api_documentation_page.dart,,prompt-redesign/trading-bots-hub.md,B_child,done
11,RD-T05,RD-M05,trade,sc048Trade,"Action, precision, risk",Copy trading hub,8,sc063CopyTrading;sc064CopyTradingV2;sc065CopyEducation;sc066ActiveCopies;sc067CopySettings;sc068CopyNotifications;sc079ProviderLeaderboard;sc083CopySafetyCenter,lib/features/trade/presentation/pages/copy_trading_page.dart;lib/features/trade/presentation/pages/copy_trading_v2_page.dart;lib/features/trade/presentation/pages/copy_education_page.dart;lib/features/trade/presentation/pages/active_copies_page.dart;lib/features/trade/presentation/pages/copy_settings_page.dart;lib/features/trade/presentation/pages/copy_notifications_page.dart;lib/features/trade/presentation/pages/provider_leaderboard_page.dart;lib/features/trade/presentation/pages/copy_safety_center_page.dart,prompt-redesign/copy-trading-hub.md,prompt-redesign/copy-trading-hub.md,A_hub,done
12,RD-T06,RD-M05,trade,sc048Trade,"Action, precision, risk",Copy provider & performance,15,sc069ProviderApplication;sc070CopyProviderDetail;sc071PreCopyAssessment;sc072CopyConfiguration;sc073CopyConfirmation;sc074CopyPerformance;sc075PerformanceAttribution;sc076ProviderComparison;sc077CopyAuditLog;sc078PortfolioRiskAnalysis;sc080SafetyEducation;sc081ProviderGovernance;sc082DisputeResolution;sc084RegulatoryDisclosures;sc412TradeCopyRegulatoryDisclosuresAlias,lib/features/trade/presentation/pages/provider_application_page.dart;lib/features/trade/presentation/pages/copy_provider_detail_page.dart;lib/features/trade/presentation/pages/pre_copy_assessment_page.dart;lib/features/trade/presentation/pages/copy_configuration_page.dart;lib/features/trade/presentation/pages/copy_confirmation_page.dart;lib/features/trade/presentation/pages/copy_performance_page.dart;lib/features/trade/presentation/pages/performance_attribution_page.dart;lib/features/trade/presentation/pages/provider_comparison_page.dart;lib/features/trade/presentation/pages/copy_audit_log_page.dart;lib/features/trade/presentation/pages/portfolio_risk_analysis_page.dart;lib/features/trade/presentation/pages/safety_education_page.dart;lib/features/trade/presentation/pages/provider_governance_page.dart;lib/features/trade/presentation/pages/dispute_resolution_page.dart;lib/features/trade/presentation/pages/regulatory_disclosures_page.dart;lib/features/trade/presentation/pages/regulatory_disclosures_page.dart,,prompt-redesign/copy-trading-hub.md,B_child,done
13,RD-T07,RD-M05,trade,sc048Trade,"Action, precision, risk",Margin & trader,5,sc085MarginTrading;sc086MarginTradingPair;sc087TraderProfile;sc088AdvancedTradingDemo;sc090MarginTradingHub,lib/features/trade/presentation/pages/margin_trading_page.dart;lib/features/trade/presentation/pages/margin_trading_page.dart;lib/features/trade/presentation/pages/trader_profile_page.dart;lib/features/trade/presentation/pages/advanced_trading_demo_page.dart;lib/features/trade/presentation/pages/margin_trading_hub_page.dart,,prompt-redesign/trade-core-hub.md,B_child,done
14,RD-T08,RD-M05,trade,sc048Trade,"Action, precision, risk",Tools & analytics,6,sc060RiskManagement;sc061ExecutionQuality;sc062AdvancedTools;sc089MarketDataAnalytics;sc091LiveMarketDataAnalytics;sc092AdvancedAnalytics,lib/features/trade/presentation/pages/risk_management_demo_page.dart;lib/features/trade/presentation/pages/execution_quality_demo_page.dart;lib/features/trade/presentation/pages/advanced_tools_demo_page.dart;lib/features/trade/presentation/pages/market_data_analytics_page.dart;lib/features/trade/presentation/pages/live_market_data_analytics_page.dart;lib/features/trade/presentation/pages/advanced_analytics_page.dart,,prompt-redesign/trade-core-hub.md,B_child,done
15,RD-T09,RD-M05,trade,sc048Trade,"Action, precision, risk",Compliance 1,12,sc093TransactionReporting;sc094RegulatoryReportsDashboard;sc095ArmIntegrationStatus;sc096BestExecutionReports;sc097ExecutionVenueAnalysis;sc098SlippageMonitoring;sc099ClientCategorization;sc100ProductGovernance;sc101TargetMarketDefinition;sc102ClientMoneyProtection;sc103CassReconciliation;sc104InvestorCompensation,lib/features/trade/presentation/pages/transaction_reporting_page.dart;lib/features/trade/presentation/pages/regulatory_reports_dashboard_page.dart;lib/features/trade/presentation/pages/arm_integration_status_page.dart;lib/features/trade/presentation/pages/best_execution_reports_page.dart;lib/features/trade/presentation/pages/execution_venue_analysis_page.dart;lib/features/trade/presentation/pages/slippage_monitoring_page.dart;lib/features/trade/presentation/pages/client_categorization_page.dart;lib/features/trade/presentation/pages/product_governance_page.dart;lib/features/trade/presentation/pages/target_market_definition_page.dart;lib/features/trade/presentation/pages/client_money_protection_page.dart;lib/features/trade/presentation/pages/cass_reconciliation_page.dart;lib/features/trade/presentation/pages/investor_compensation_page.dart,,prompt-redesign/trade-core-hub.md,B_child,done
16,RD-T10,RD-M05,trade,sc048Trade,"Action, precision, risk",Compliance 2 & complaints,15,sc105ExAnteCosts;sc106RiyCalculator;sc107ExPostCostsReport;sc108KidGenerator;sc109PerformanceScenarios;sc110RiskIndicatorExplainer;sc111ComplaintsHandling;sc112ComplaintSubmission;sc113ComplaintTracking;sc114OmbudsmanReferral;sc115AuditTrail;sc116RegulatoryInspectionReady;sc411ClientOptUpRequest;sc415TargetMarketDefinitionDetail;sc416ComplaintTrackingDetail,lib/features/trade/presentation/pages/ex_ante_costs_page.dart;lib/features/trade/presentation/pages/riy_calculator_page.dart;lib/features/trade/presentation/pages/ex_post_costs_report_page.dart;lib/features/trade/presentation/pages/kid_generator_page.dart;lib/features/trade/presentation/pages/performance_scenarios_page.dart;lib/features/trade/presentation/pages/risk_indicator_explainer_page.dart;lib/features/trade/presentation/pages/complaints_handling_page.dart;lib/features/trade/presentation/pages/complaint_submission_page.dart;lib/features/trade/presentation/pages/complaint_tracking_page.dart;lib/features/trade/presentation/pages/ombudsman_referral_page.dart;lib/features/trade/presentation/pages/audit_trail_page.dart;lib/features/trade/presentation/pages/regulatory_inspection_ready_page.dart;lib/features/trade/presentation/pages/client_categorization_page_part_01.dart;lib/features/trade/presentation/pages/target_market_definition_page.dart;lib/features/trade/presentation/pages/complaint_tracking_page.dart,,prompt-redesign/trade-core-hub.md,B_child,done
17,RD-T11,RD-M05,trade,sc048Trade,"Action, precision, risk",Orders & receipts,2,sc050OrdersHistory;sc051OrderReceipt,lib/features/trade/presentation/pages/orders_history_page.dart;lib/features/trade/presentation/pages/order_receipt_page.dart,,prompt-redesign/trade-core-hub.md,B_child,done
18,RD-W01,RD-M06,wallet,sc135Wallet,"Assets, trust, security",Hub & assets,6,sc135Wallet;sc136TxHistory;sc147AssetDetail;sc142PortfolioAnalytics;sc148MultiManager;sc151HealthScore,lib/features/wallet/presentation/pages/wallet_page.dart;lib/features/wallet/presentation/pages/transaction_history_page.dart;lib/features/wallet/presentation/pages/asset_detail_page.dart;lib/features/wallet/presentation/pages/portfolio_analytics_page.dart;lib/features/wallet/presentation/pages/wallet_multi_manager_page.dart;lib/features/wallet/presentation/pages/wallet_health_score_page.dart,prompt-redesign/wallet-hub.md,prompt-redesign/wallet-hub.md,A_hub,done
19,RD-W02,RD-M06,wallet,sc135Wallet,"Assets, trust, security",Deposit,3,sc137Deposit;sc138DepositUsdt;sc152PendingDeposits,lib/features/wallet/presentation/pages/deposit_page.dart;lib/features/wallet/presentation/pages/deposit_page.dart;lib/features/wallet/presentation/pages/pending_deposits_page.dart,,prompt-redesign/wallet-hub.md,B_child,done
20,RD-W03,RD-M06,wallet,sc135Wallet,"Assets, trust, security",Withdraw,5,sc139Withdraw;sc140WithdrawUsdt;sc153WithdrawLimits;sc143AddressAdd;sc144AddressBook,lib/features/wallet/presentation/pages/withdraw_page.dart;lib/features/wallet/presentation/pages/withdraw_page.dart;lib/features/wallet/presentation/pages/withdraw_limits_page.dart;lib/features/wallet/presentation/pages/address_add_page.dart;lib/features/wallet/presentation/pages/address_book_page.dart,,prompt-redesign/wallet-hub.md,B_child,done
21,RD-W04,RD-M06,wallet,sc135Wallet,"Assets, trust, security",Transfer & buy,7,sc145BuyCrypto;sc146Transfer;sc154DustConverter;sc155NetworkStatus;sc149GasOptimizer;sc150TokenApproval;sc141TransactionDetail,lib/features/wallet/presentation/pages/buy_crypto_page.dart;lib/features/wallet/presentation/pages/transfer_page.dart;lib/features/wallet/presentation/pages/dust_converter_page.dart;lib/features/wallet/presentation/pages/network_status_page.dart;lib/features/wallet/presentation/pages/wallet_gas_optimizer_page.dart;lib/features/wallet/presentation/pages/wallet_token_approval_page.dart;lib/features/wallet/presentation/pages/transaction_detail_page.dart,,prompt-redesign/wallet-hub.md,B_child,done
22,RD-F01,RD-M07,profile,sc156Profile,"Account, settings",Hub & settings,8,sc156Profile;sc157EditProfile;sc160Settings;sc161ActivityLog;sc164Vip;sc166SubAccount;sc168MyArena;sc167ProfilePredictions,lib/features/profile/presentation/pages/profile_page.dart;lib/features/profile/presentation/pages/edit_profile_page.dart;lib/features/profile/presentation/pages/settings_page.dart;lib/features/profile/presentation/pages/activity_log_page.dart;lib/features/profile/presentation/pages/vip_page.dart;lib/features/profile/presentation/pages/sub_account_page.dart;lib/features/arena/presentation/pages/my_arena_page.dart;lib/features/predictions/presentation/pages/predictions_portfolio_page.dart,,,B_simple,done
23,RD-F02,RD-M07,profile,sc156Profile,"Account, settings",Security & KYC,6,sc158Security;sc159Kyc;sc165DeviceManagement;sc405SettingsSecurityBiometric;sc406SettingsSecurityChangePassword;sc413SettingsSecurity,lib/features/profile/presentation/pages/security_page.dart;lib/features/profile/presentation/pages/kyc_page.dart;lib/features/profile/presentation/pages/device_management_page.dart;lib/features/profile/presentation/pages/security_page.dart;lib/features/profile/presentation/pages/security_page.dart;lib/features/profile/presentation/pages/security_page.dart,,,B_simple,done
24,RD-F03,RD-M07,profile,sc156Profile,"Account, settings",API keys,2,sc162ApiKeyCreate;sc163ApiManagement,lib/features/profile/presentation/pages/api_key_create_page.dart;lib/features/profile/presentation/pages/api_management_page.dart,,,B_simple,done
25,RD-P01,RD-M08,p2p,sc282P2PHome,"Escrow, compliance UX",Hub & navigation,6,sc282P2PHome;sc274P2PDashboard;sc273P2POrderBook;sc281P2PMyOrders;sc279P2PSettings;sc280P2PGuide,lib/features/p2p/presentation/pages/p2p_home_page.dart;lib/features/p2p/presentation/pages/p2p_dashboard_page.dart;lib/features/p2p/presentation/pages/p2p_order_book_page.dart;lib/features/p2p/presentation/pages/p2p_my_orders_page.dart;lib/features/p2p/presentation/pages/p2p_settings_page.dart;lib/features/p2p/presentation/pages/p2p_guide_page.dart,prompt-redesign/p2p-hub.md,prompt-redesign/p2p-hub.md,A_hub,done
26,RD-P02,RD-M08,p2p,sc282P2PHome,"Escrow, compliance UX",Express & orders,8,sc210P2PExpressConfirm;sc211P2PExpress;sc212P2POrderTimeline;sc213P2POrderRate;sc214P2POrderCancel;sc215P2POrderProof;sc216P2POrder;sc217P2PChat,lib/features/p2p/presentation/pages/p2p_express_confirm_page.dart;lib/features/p2p/presentation/pages/p2p_express_page.dart;lib/features/p2p/presentation/pages/p2p_order_timeline_page.dart;lib/features/p2p/presentation/pages/p2p_order_rate_page.dart;lib/features/p2p/presentation/pages/p2p_order_cancel_page.dart;lib/features/p2p/presentation/pages/p2p_order_proof_page.dart;lib/features/p2p/presentation/pages/p2p_order_page.dart;lib/features/p2p/presentation/pages/p2p_chat_page.dart,,prompt-redesign/p2p-hub.md,B_child,done
27,RD-P03,RD-M08,p2p,sc282P2PHome,"Escrow, compliance UX",Ads & merchant,9,sc223P2PAdAnalytics;sc224P2PAdDetail;sc225P2PMyAds;sc226P2PCreateAd;sc227P2PMerchantApply;sc228P2PMerchantProfile;sc229P2PReportMerchant;sc230P2PTradingLevel;sc231P2PReviews,lib/features/p2p/presentation/pages/p2p_ad_analytics_page.dart;lib/features/p2p/presentation/pages/p2p_ad_detail_page.dart;lib/features/p2p/presentation/pages/p2p_my_ads_page.dart;lib/features/p2p/presentation/pages/p2p_create_ad_page.dart;lib/features/p2p/presentation/pages/p2p_merchant_apply_page.dart;lib/features/p2p/presentation/pages/p2p_merchant_profile_page.dart;lib/features/p2p/presentation/pages/p2p_report_merchant_page.dart;lib/features/p2p/presentation/pages/p2p_trading_level_page.dart;lib/features/p2p/presentation/pages/p2p_reviews_page.dart,,prompt-redesign/p2p-hub.md,B_child,done
28,RD-P04,RD-M08,p2p,sc282P2PHome,"Escrow, compliance UX",Payment methods,6,sc232P2PPaymentMethodAdd;sc233P2PPaymentMethodVerification;sc234P2PPaymentMethodOwnership;sc235P2PPaymentMethodCoolingPeriod;sc236P2PPaymentMethodHistory;sc237P2PPaymentMethods,lib/features/p2p/presentation/pages/p2p_payment_method_add_page.dart;lib/features/p2p/presentation/pages/p2p_payment_method_verification_page.dart;lib/features/p2p/presentation/pages/p2p_payment_method_ownership_page.dart;lib/features/p2p/presentation/pages/p2p_payment_method_cooling_period_page.dart;lib/features/p2p/presentation/pages/p2p_payment_method_history_page.dart;lib/features/p2p/presentation/pages/p2p_payment_methods_page.dart,,prompt-redesign/p2p-hub.md,B_child,done
29,RD-P05,RD-M08,p2p,sc282P2PHome,"Escrow, compliance UX",Insurance & escrow,9,sc238P2PInsuranceFund;sc239P2PInsuranceCertificate;sc240P2PInsuranceScore;sc241P2PInsurancePolicy;sc242P2PContributionHistory;sc243P2PClaimDetail;sc244P2PInsuranceFundAlias;sc245P2PEscrowBalance;sc246P2PEscrowDetail,lib/features/p2p/presentation/pages/p2p_insurance_fund_page.dart;lib/features/p2p/presentation/pages/p2p_insurance_certificate_page.dart;lib/features/p2p/presentation/pages/p2p_insurance_score_page.dart;lib/features/p2p/presentation/pages/p2p_insurance_policy_page.dart;lib/features/p2p/presentation/pages/p2p_contribution_history_page.dart;lib/features/p2p/presentation/pages/p2p_claim_detail_page.dart;lib/features/p2p/presentation/pages/p2p_insurance_fund_page.dart;lib/features/p2p/presentation/pages/p2p_escrow_balance_page.dart;lib/features/p2p/presentation/pages/p2p_escrow_detail_page.dart,,prompt-redesign/p2p-hub.md,B_child,done
30,RD-P06,RD-M08,p2p,sc282P2PHome,"Escrow, compliance UX",KYC,9,sc247P2PKycRequirements;sc248P2PKycStatus;sc249P2PIdentityVerification;sc250P2PAddressProof;sc251P2PSelfieVerification;sc252P2PVideoVerification;sc402P2PKycVerify;sc403P2PKycFaceMatch;sc404P2PWhitelistMode,lib/features/p2p/presentation/pages/p2p_kyc_requirements_page.dart;lib/features/p2p/presentation/pages/p2p_kyc_status_page.dart;lib/features/p2p/presentation/pages/p2p_identity_verification_page.dart;lib/features/p2p/presentation/pages/p2p_address_proof_page.dart;lib/features/p2p/presentation/pages/p2p_selfie_verification_page.dart;lib/features/p2p/presentation/pages/p2p_video_verification_page.dart;lib/features/p2p/presentation/pages/p2p_identity_verification_page.dart;lib/features/p2p/presentation/pages/p2p_selfie_verification_page.dart;lib/features/p2p/presentation/pages/p2p_security_center_page.dart,,prompt-redesign/p2p-hub.md,B_child,done
31,RD-P07,RD-M08,p2p,sc282P2PHome,"Escrow, compliance UX",Security,8,sc253P2PSecurityCenter;sc254P2P2FASettings;sc255P2PDeviceManagement;sc256P2PAntiPhishingCode;sc257P2PLoginHistory;sc258P2PSuspiciousActivity;sc259P2PE2EInfo;sc260P2PFraudPrevention,lib/features/p2p/presentation/pages/p2p_security_center_page.dart;lib/features/p2p/presentation/pages/p2p_2fa_settings_page.dart;lib/features/p2p/presentation/pages/p2p_device_management_page.dart;lib/features/p2p/presentation/pages/p2p_anti_phishing_code_page.dart;lib/features/p2p/presentation/pages/p2p_login_history_page.dart;lib/features/p2p/presentation/pages/p2p_suspicious_activity_page.dart;lib/features/p2p/presentation/pages/p2p_e2e_info_page.dart;lib/features/p2p/presentation/pages/p2p_fraud_prevention_page.dart,,prompt-redesign/p2p-hub.md,B_child,done
32,RD-P08,RD-M08,p2p,sc282P2PHome,"Escrow, compliance UX",Wallet & limits,6,sc261P2PWalletTransfer;sc262P2PFundLockHistory;sc263P2PWalletHistoryAlias;sc264P2PWallet;sc265P2PLimitTracker;sc266P2PTransactionLimits,lib/features/p2p/presentation/pages/p2p_wallet_transfer_page.dart;lib/features/p2p/presentation/pages/p2p_fund_lock_history_page.dart;lib/features/p2p/presentation/pages/p2p_fund_lock_history_page.dart;lib/features/p2p/presentation/pages/p2p_wallet_page.dart;lib/features/p2p/presentation/pages/p2p_limit_tracker_page.dart;lib/features/p2p/presentation/pages/p2p_transaction_limits_page.dart,,prompt-redesign/p2p-hub.md,B_child,done
33,RD-P09,RD-M08,p2p,sc282P2PHome,"Escrow, compliance UX",Compliance & tax,7,sc267P2PComplianceOverview;sc268P2PAmlScreening;sc269P2PSourceOfFunds;sc270P2PLargeTransaction;sc271P2PRiskAssessment;sc272P2PTaxReporting;sc407P2PTaxReportDetail,lib/features/p2p/presentation/pages/p2p_compliance_overview_page.dart;lib/features/p2p/presentation/pages/p2p_aml_screening_page.dart;lib/features/p2p/presentation/pages/p2p_source_of_funds_page.dart;lib/features/p2p/presentation/pages/p2p_large_transaction_justification_page.dart;lib/features/p2p/presentation/pages/p2p_risk_assessment_page.dart;lib/features/p2p/presentation/pages/p2p_tax_reporting_page.dart;lib/features/p2p/presentation/pages/p2p_tax_reporting_page.dart,,prompt-redesign/p2p-hub.md,B_child,done
34,RD-P10,RD-M08,p2p,sc282P2PHome,"Escrow, compliance UX",Disputes,5,sc218P2PDisputeDetail;sc219P2PDisputeEvidence;sc220P2PDisputeResolution;sc221P2PDispute;sc222P2PDisputes,lib/features/p2p/presentation/pages/p2p_dispute_detail_page.dart;lib/features/p2p/presentation/pages/p2p_dispute_evidence_page.dart;lib/features/p2p/presentation/pages/p2p_dispute_resolution_page.dart;lib/features/p2p/presentation/pages/p2p_dispute_page.dart;lib/features/p2p/presentation/pages/p2p_disputes_page.dart,,prompt-redesign/p2p-hub.md,B_child,done
35,RD-P11,RD-M08,p2p,sc282P2PHome,"Escrow, compliance UX",Social & settings,4,sc275P2PAchievements;sc276P2PBlacklistAdd;sc277P2PBlacklist;sc278P2PNotificationsSettings,lib/features/p2p/presentation/pages/p2p_achievements_page.dart;lib/features/p2p/presentation/pages/p2p_blacklist_add_page.dart;lib/features/p2p/presentation/pages/p2p_blacklist_page.dart;lib/features/p2p/presentation/pages/p2p_notifications_settings_page.dart,,prompt-redesign/p2p-hub.md,B_child,done
36,RD-E01,RD-M09,earn,sc327StakingEarn,Yield + risk transparency,Staking entry,6,sc327StakingEarn;sc328StakingEarnStaking;sc358StakingDashboard;sc359StakingAnalytics;sc360StakingHistory;sc361StakingEarningsCalendar,lib/features/earn/presentation/pages/staking_earn_page.dart;lib/features/earn/presentation/pages/staking_earn_page.dart;lib/features/earn/presentation/pages/staking_dashboard_page.dart;lib/features/earn/presentation/pages/staking_analytics_page.dart;lib/features/earn/presentation/pages/staking_history_page.dart;lib/features/earn/presentation/pages/staking_earnings_calendar_page.dart,prompt-redesign/earn-staking-hub.md,prompt-redesign/earn-staking-hub.md,A_hub,done
37,RD-E02,RD-M09,earn,sc327StakingEarn,Yield + risk transparency,Staking ops,7,sc362StakingValidatorSelection;sc363StakingAutoCompound;sc364StakingLiquidStaking;sc365StakingInsurance;sc366StakingAdvancedOrders;sc367StakingMultiChain;sc368StakingInstitutional,lib/features/earn/presentation/pages/staking_validator_selection_page.dart;lib/features/earn/presentation/pages/staking_auto_compound_page.dart;lib/features/earn/presentation/pages/staking_liquid_staking_page.dart;lib/features/earn/presentation/pages/staking_insurance_page.dart;lib/features/earn/presentation/pages/staking_advanced_orders_page.dart;lib/features/earn/presentation/pages/staking_multi_chain_page.dart;lib/features/earn/presentation/pages/staking_institutional_page.dart,,prompt-redesign/earn-staking-hub.md,B_child,done
38,RD-E03,RD-M09,earn,sc327StakingEarn,Yield + risk transparency,Staking legal/risk,9,sc353StakingTerms;sc354StakingRiskDisclosure;sc355StakingWithdrawalPolicy;sc356StakingTaxGuide;sc357StakingRiskAssessment;sc376StakingSuitabilityAssessment;sc381StakingRiskDashboard;sc385StakingEmergencyActions;sc386StakingContingencyPlan,lib/features/earn/presentation/pages/staking_terms_page.dart;lib/features/earn/presentation/pages/staking_risk_disclosure_page.dart;lib/features/earn/presentation/pages/staking_withdrawal_policy_page.dart;lib/features/earn/presentation/pages/staking_tax_guide_page.dart;lib/features/earn/presentation/pages/staking_risk_assessment_page.dart;lib/features/earn/presentation/pages/staking_suitability_assessment_page.dart;lib/features/earn/presentation/pages/staking_risk_dashboard_page.dart;lib/features/earn/presentation/pages/staking_emergency_actions_page.dart;lib/features/earn/presentation/pages/staking_contingency_plan_page.dart,,prompt-redesign/earn-staking-hub.md,B_child,done
39,RD-E04,RD-M09,earn,sc327StakingEarn,Yield + risk transparency,Staking compliance,10,sc373StakingRegulatoryFramework;sc374StakingAuditReports;sc375StakingCustody;sc377StakingInsuranceFundTransparency;sc378StakingTransactionReporting;sc379StakingApiDocumentation;sc380StakingProofOfReserves;sc382StakingSlashingHistory;sc383StakingValidatorHealthMonitor;sc384StakingRiskScoreCalculator,lib/features/earn/presentation/pages/staking_regulatory_framework_page.dart;lib/features/earn/presentation/pages/staking_audit_reports_page.dart;lib/features/earn/presentation/pages/staking_custody_page.dart;lib/features/earn/presentation/pages/staking_insurance_fund_transparency_page.dart;lib/features/earn/presentation/pages/staking_transaction_reporting_page.dart;lib/features/earn/presentation/pages/staking_api_documentation_page.dart;lib/features/earn/presentation/pages/staking_proof_of_reserves_page.dart;lib/features/earn/presentation/pages/staking_slashing_history_page.dart;lib/features/earn/presentation/pages/staking_validator_health_monitor_page.dart;lib/features/earn/presentation/pages/staking_risk_score_calculator_page.dart,,prompt-redesign/earn-staking-hub.md,B_child,done
40,RD-E05,RD-M09,earn,sc327StakingEarn,Yield + risk transparency,Staking community,14,sc369StakingGuide;sc370StakingFAQ;sc371StakingNotifications;sc372StakingRecommendations;sc387StakingSocialFeed;sc388StakingCommunityGovernance;sc389StakingProposals;sc390StakingVotingDetail;sc391StakingVoting;sc392StakingForum;sc393StakingWebhooks;sc394StakingDataExport;sc395StakingThirdPartyIntegrations;sc396StakingDeveloperConsole,lib/features/earn/presentation/pages/staking_guide_page.dart;lib/features/earn/presentation/pages/staking_faq_page.dart;lib/features/earn/presentation/pages/staking_notifications_page.dart;lib/features/earn/presentation/pages/staking_recommendations_page.dart;lib/features/earn/presentation/pages/staking_social_feed_page.dart;lib/features/earn/presentation/pages/staking_community_governance_page.dart;lib/features/earn/presentation/pages/staking_proposals_page.dart;lib/features/earn/presentation/pages/staking_voting_page.dart;lib/features/earn/presentation/pages/staking_voting_page.dart;lib/features/earn/presentation/pages/staking_forum_page.dart;lib/features/earn/presentation/pages/staking_webhooks_page.dart;lib/features/earn/presentation/pages/staking_data_export_page.dart;lib/features/earn/presentation/pages/staking_third_party_integrations_page.dart;lib/features/earn/presentation/pages/staking_developer_console_page.dart,,prompt-redesign/earn-staking-hub.md,B_child,done
41,RD-E06,RD-M09,earn,sc327StakingEarn,Yield + risk transparency,Savings entry,6,sc329Savings;sc330SavingsProductDetail;sc331SavingsRedeem;sc332SavingsReceipt;sc333SavingsPortfolio;sc334SavingsHistory,lib/features/earn/presentation/pages/savings_page.dart;lib/features/earn/presentation/pages/savings_product_detail_page.dart;lib/features/earn/presentation/pages/savings_redeem_page.dart;lib/features/earn/presentation/pages/savings_receipt_page.dart;lib/features/earn/presentation/pages/savings_portfolio_page.dart;lib/features/earn/presentation/pages/savings_history_page.dart,,prompt-redesign/earn-staking-hub.md,B_child,done
42,RD-E07,RD-M09,earn,sc327StakingEarn,Yield + risk transparency,Savings tools,18,sc335SavingsGuide;sc336SavingsFAQ;sc337SavingsNotifications;sc338SavingsRecommendations;sc339SavingsRiskAssessment;sc340SavingsComparison;sc341AutoCompoundSettings;sc342SavingsGoal;sc343SavingsAnalytics;sc344SavingsAutoRebalance;sc345SavingsNotificationPreferences;sc346SavingsDca;sc347SavingsSmartSuggestions;sc348SavingsExport;sc349SavingsBacktest;sc350SavingsAutoPilot;sc351SavingsLadder;sc352SavingsWhatIf,lib/features/earn/presentation/pages/savings_guide_page.dart;lib/features/earn/presentation/pages/savings_faq_page.dart;lib/features/earn/presentation/pages/savings_notifications_page.dart;lib/features/earn/presentation/pages/savings_recommendations_page.dart;lib/features/earn/presentation/pages/savings_risk_assessment_page.dart;lib/features/earn/presentation/pages/savings_comparison_page.dart;lib/features/earn/presentation/pages/auto_compound_settings_page.dart;lib/features/earn/presentation/pages/savings_goal_page.dart;lib/features/earn/presentation/pages/savings_analytics_page.dart;lib/features/earn/presentation/pages/savings_auto_rebalance_page.dart;lib/features/earn/presentation/pages/savings_notification_preferences_page.dart;lib/features/earn/presentation/pages/savings_dca_page.dart;lib/features/earn/presentation/pages/savings_smart_suggestions_page.dart;lib/features/earn/presentation/pages/savings_export_page.dart;lib/features/earn/presentation/pages/savings_backtest_page.dart;lib/features/earn/presentation/pages/savings_autopilot_page.dart;lib/features/earn/presentation/pages/savings_ladder_page.dart;lib/features/earn/presentation/pages/savings_what_if_page.dart,,prompt-redesign/earn-staking-hub.md,B_child,done
43,RD-C01,RD-M10,dca,sc169Dca,Disciplined investing,Hub & schedule,5,sc169Dca;sc172DcaScheduleConfig;sc173DcaScheduleAnalytics;sc175DcaDynamicAmount;sc179DcaSmartRules,lib/features/dca/presentation/pages/dca_page.dart;lib/features/dca/presentation/pages/dca_schedule_config_page.dart;lib/features/dca/presentation/pages/dca_schedule_analytics_page.dart;lib/features/dca/presentation/pages/dca_dynamic_amount_page.dart;lib/features/dca/presentation/pages/dca_smart_rules_page.dart,,,B_simple,done
44,RD-C02,RD-M10,dca,sc169Dca,Disciplined investing,Rebalance,4,sc170DcaRebalanceConfig;sc171DcaRebalanceDashboard;sc408DcaRebalanceEdit;sc409DcaRebalanceHistory,lib/features/dca/presentation/pages/dca_rebalance_config_page.dart;lib/features/dca/presentation/pages/dca_rebalance_dashboard_page.dart;lib/features/dca/presentation/pages/dca_rebalance_config_page.dart;lib/features/dca/presentation/pages/dca_rebalance_dashboard_page.dart,,,B_simple,done
45,RD-C03,RD-M10,dca,sc169Dca,Disciplined investing,Optimizer,4,sc174DcaPortfolioOptimizer;sc176DcaBacktester;sc177DcaMultiAsset;sc178DcaPerformanceCompare,lib/features/dca/presentation/pages/dca_portfolio_optimizer_page.dart;lib/features/dca/presentation/pages/dca_backtester_page.dart;lib/features/dca/presentation/pages/dca_multi_asset_page.dart;lib/features/dca/presentation/pages/dca_performance_compare_page.dart,,,B_simple,done
46,RD-R01,RD-M11,predictions,sc027PredictionsHome,"Probability, not casino",Hub & discovery,5,sc027PredictionsHome;sc028PredictionsSearch;sc029PredictionsBreaking;sc030PredictionEventDetail;sc039PredictionEventCalendar,lib/features/predictions/presentation/pages/predictions_home_page.dart;lib/features/predictions/presentation/pages/predictions_search_page.dart;lib/features/predictions/presentation/pages/predictions_breaking_page.dart;lib/features/predictions/presentation/pages/prediction_event_detail_page.dart;lib/features/predictions/presentation/pages/prediction_event_calendar_page.dart,prompt-redesign/predictions-hub.md,prompt-redesign/predictions-hub.md,A_hub,done
47,RD-R02,RD-M11,predictions,sc027PredictionsHome,"Probability, not casino",Portfolio & social,7,sc031PredictionsPortfolio;sc032PredictionsRewards;sc033PredictionsLeaderboard;sc034PredictionsGlobalActivity;sc040PredictionSocial;sc042PredictionTournaments;sc414PredictionTournamentDetail,lib/features/predictions/presentation/pages/predictions_portfolio_page.dart;lib/features/predictions/presentation/pages/predictions_rewards_page.dart;lib/features/predictions/presentation/pages/predictions_leaderboard_page.dart;lib/features/predictions/presentation/pages/predictions_global_activity_page.dart;lib/features/predictions/presentation/pages/prediction_social_page.dart;lib/features/predictions/presentation/pages/prediction_tournaments_page.dart;lib/features/predictions/presentation/widgets/prediction_tournaments_detail.dart,,prompt-redesign/predictions-hub.md,B_child,done
48,RD-R03,RD-M11,predictions,sc027PredictionsHome,"Probability, not casino",Tools,6,sc035PredictionOrderReceipt;sc036PredictionRiskCalculator;sc037PredictionMarketMaker;sc038PredictionPortfolioAnalyzer;sc041PredictionAdvancedChart;sc043PredictionDataIntegration,lib/features/predictions/presentation/pages/prediction_order_receipt_page.dart;lib/features/predictions/presentation/pages/prediction_risk_calculator_page.dart;lib/features/predictions/presentation/pages/prediction_market_maker_page.dart;lib/features/predictions/presentation/pages/prediction_portfolio_analyzer_page.dart;lib/features/predictions/presentation/pages/prediction_advanced_chart_page_part_01.dart;lib/features/predictions/presentation/pages/prediction_data_integration_page.dart,,prompt-redesign/predictions-hub.md,B_child,done
49,RD-A01,RD-M12,arena,sc184ArenaHome,Points-only,Hub & studio,6,sc184ArenaHome;sc185ArenaStudio;sc186ArenaSmartRules;sc187ArenaPresetLibrary;sc188ArenaGovernanceGate;sc209ArenaGuide,lib/features/arena/presentation/pages/arena_home_page.dart;lib/features/arena/presentation/pages/arena_studio_page.dart;lib/features/arena/presentation/pages/arena_smart_rule_builder_page.dart;lib/features/arena/presentation/pages/arena_universal_preset_library_page.dart;lib/features/arena/presentation/pages/arena_governance_gate_page.dart;lib/features/arena/presentation/pages/arena_guide_page.dart,prompt-redesign/arena-hub.md,prompt-redesign/arena-hub.md,A_hub,done
50,RD-A02,RD-M12,arena,sc184ArenaHome,Points-only,Challenge flow,7,sc189ArenaModeDetail;sc190ArenaChallengeDetail;sc191ArenaJoin;sc192ArenaResolutionCenter;sc193ArenaCreator;sc194ArenaLeaderboard;sc195VerifiedChallenges,lib/features/arena/presentation/pages/arena_mode_detail_page.dart;lib/features/arena/presentation/pages/arena_challenge_detail_page.dart;lib/features/arena/presentation/pages/arena_join_page.dart;lib/features/arena/presentation/pages/arena_resolution_center_page.dart;lib/features/arena/presentation/pages/arena_creator_page.dart;lib/features/arena/presentation/pages/arena_leaderboard_page.dart;lib/features/arena/presentation/pages/verified_challenges_page.dart,,prompt-redesign/arena-hub.md,B_child,done
51,RD-A03,RD-M12,arena,sc184ArenaHome,Points-only,Points & ledger,5,sc196ArenaPoints;sc200ArenaPointsEntryDetail;sc201ArenaPointsLedger;sc205MyArena;sc204MyArenaReports,lib/features/arena/presentation/pages/arena_points_page.dart;lib/features/arena/presentation/pages/arena_points_entry_detail_page.dart;lib/features/arena/presentation/pages/arena_points_ledger_page.dart;lib/features/arena/presentation/pages/my_arena_page.dart;lib/features/arena/presentation/pages/my_arena_reports_page.dart,,prompt-redesign/arena-hub.md,B_child,done
52,RD-A04,RD-M12,arena,sc184ArenaHome,Points-only,Safety & trust,5,sc198ArenaSafetyCenter;sc199ArenaTrustBreakdown;sc202ArenaReportCase;sc203ArenaBlockedUsers;sc197ArenaFlowMap,lib/features/arena/presentation/pages/arena_safety_center_page.dart;lib/features/arena/presentation/pages/arena_trust_breakdown_page.dart;lib/features/arena/presentation/pages/arena_report_case_page.dart;lib/features/arena/presentation/pages/arena_blocked_users_page.dart;lib/features/arena/presentation/pages/arena_flow_map_page.dart,,prompt-redesign/arena-hub.md,B_child,done
53,RD-A05,RD-M12,arena,sc184ArenaHome,Points-only,Production bridges,3,sc206ArenaProductionReady;sc207ArenaPredictionBridgeFoundation;sc208ConnectedEcosystemProduction,lib/features/arena/presentation/pages/arena_production_ready_page.dart;lib/features/arena/presentation/pages/arena_prediction_bridge_foundation_page.dart;lib/features/arena/presentation/pages/connected_ecosystem_production_page.dart,,prompt-redesign/arena-hub.md,B_child,done
54,RD-L01,RD-M13,launchpad,sc295Launchpad,IDO participation,Hub & portfolio,4,sc295Launchpad;sc296LaunchpadPortfolio;sc297LaunchpadPerformance;sc318LaunchpadDetail,lib/features/launchpad/presentation/pages/launchpad_page.dart;lib/features/launchpad/presentation/pages/launchpad_portfolio_page.dart;lib/features/launchpad/presentation/pages/launchpad_performance_page.dart;lib/features/launchpad/presentation/pages/launchpad_detail_page.dart,prompt-redesign/launchpad-hub.md,prompt-redesign/launchpad-hub.md,A_hub,done
55,RD-L02,RD-M13,launchpad,sc295Launchpad,IDO participation,Participation,7,sc298LaunchpadStaking;sc299LaunchpadIdoBridge;sc300LaunchpadContract;sc301LaunchpadReceipt;sc302LaunchpadClaimReceipt;sc303LaunchpadBridgeOrder;sc304LaunchpadBatchClaim,lib/features/launchpad/presentation/pages/launchpad_staking_page.dart;lib/features/launchpad/presentation/pages/launchpad_ido_bridge_page.dart;lib/features/launchpad/presentation/pages/launchpad_contract_page.dart;lib/features/launchpad/presentation/pages/launchpad_receipt_page.dart;lib/features/launchpad/presentation/pages/launchpad_claim_receipt_page.dart;lib/features/launchpad/presentation/pages/launchpad_bridge_order_page.dart;lib/features/launchpad/presentation/pages/launchpad_batch_claim_page.dart,,prompt-redesign/launchpad-hub.md,B_child,done
56,RD-L03,RD-M13,launchpad,sc295Launchpad,IDO participation,Advanced tools,13,sc305LaunchpadBridgeCompare;sc306LaunchpadNotifSound;sc307LaunchpadEventLog;sc308LaunchpadAbiDiff;sc309LaunchpadAddressBook;sc310LaunchpadWebhooks;sc311LaunchpadGasTracker;sc312LaunchpadRebalance;sc313LaunchpadMultisig;sc314LaunchpadSwapAggregator;sc315LaunchpadLimitOrders;sc316LaunchpadDcaBuilder;sc317LaunchpadRiskAnalytics,lib/features/launchpad/presentation/pages/launchpad_bridge_compare_page.dart;lib/features/launchpad/presentation/pages/launchpad_notif_sound_page.dart;lib/features/launchpad/presentation/pages/launchpad_event_log_page.dart;lib/features/launchpad/presentation/pages/launchpad_abi_diff_page.dart;lib/features/launchpad/presentation/pages/launchpad_address_book_page.dart;lib/features/launchpad/presentation/pages/launchpad_webhooks_page.dart;lib/features/launchpad/presentation/pages/launchpad_gas_tracker_page.dart;lib/features/launchpad/presentation/pages/launchpad_rebalance_page.dart;lib/features/launchpad/presentation/pages/launchpad_multisig_page.dart;lib/features/launchpad/presentation/pages/launchpad_swap_aggregator_page.dart;lib/features/launchpad/presentation/pages/launchpad_limit_orders_page.dart;lib/features/launchpad/presentation/pages/launchpad_dca_builder_page.dart;lib/features/launchpad/presentation/pages/launchpad_risk_analytics_page.dart,,prompt-redesign/launchpad-hub.md,B_child,done
57,RD-M14-B01,RD-M14,discovery,sc283UnifiedSearch,Discovery,discovery — all,3,sc283UnifiedSearch;sc284TopicHub;sc285TopicCrypto,lib/features/discovery/presentation/pages/unified_search_page.dart;lib/features/discovery/presentation/pages/topic_hub_page.dart;lib/features/discovery/presentation/pages/topic_hub_page.dart,,,B_simple,done
58,RD-M15-B01,RD-M15,news,sc047News,Information,news — all,1,sc047News,lib/features/news/presentation/pages/news_page.dart,,,B_simple,done
59,RD-M16-B01,RD-M16,notifications,sc291Notifications,Actionable alerts,notifications — all,1,sc291Notifications,lib/features/notifications/presentation/pages/notifications_page.dart,,,B_simple,done
60,RD-M17-B01,RD-M17,referral,sc290ReferralHome,No hype,referral — all,5,sc286ReferralHistory;sc287ReferralRewards;sc288ReferralRules;sc289ReferralFriendDetail;sc290ReferralHome,lib/features/referral/presentation/pages/referral_history_page.dart;lib/features/referral/presentation/pages/referral_rewards_page.dart;lib/features/referral/presentation/pages/referral_rules_page.dart;lib/features/referral/presentation/pages/referral_friend_detail_page.dart;lib/features/referral/presentation/pages/referral_home_page.dart,,,B_simple,done
61,RD-M18-B01,RD-M18,support,sc292HelpCenter,Help & trust,support — all,3,sc292HelpCenter;sc293Announcements;sc294Support,lib/features/support/presentation/pages/help_center_page.dart;lib/features/support/presentation/pages/announcements_page.dart;lib/features/support/presentation/pages/support_page.dart,,,B_simple,done
62,RD-M19-B01,RD-M19,rewards,sc319RewardsHub,Rewards hub,rewards — all,1,sc319RewardsHub,lib/features/rewards/presentation/pages/rewards_hub_page.dart,,,B_simple,done
63,RD-M20-B01,RD-M20,cross_module,sc321UnifiedPortfolio,Unified views,cross_module — all,4,sc321UnifiedPortfolio;sc322CrossModuleAnalytics;sc323SmartAlertCenter;sc324TaxReportCenter,lib/features/cross_module/presentation/pages/unified_portfolio_dashboard.dart;lib/features/cross_module/presentation/pages/cross_module_analytics.dart;lib/features/cross_module/presentation/pages/smart_alert_center.dart;lib/features/cross_module/presentation/pages/tax_report_center.dart,,,B_simple,done
64,RD-M21-B01,RD-M21,enterprise_states,sc320EnterpriseStates,Enterprise states,enterprise_states — all,1,sc320EnterpriseStates,lib/features/enterprise_states/presentation/pages/enterprise_states_page.dart,,,B_simple,done
65,RD-M22-B01,RD-M22,admin,sc180AdminHome,Ops dashboards,admin — all,5,sc180AdminHome;sc181AnalyticsDashboard;sc182AbTestDashboard;sc183FunnelDashboard;sc410AdminSettings,lib/features/admin/presentation/pages/admin_home.dart;lib/features/admin/presentation/pages/analytics_dashboard.dart;lib/features/admin/presentation/pages/ab_test_dashboard.dart;lib/features/admin/presentation/pages/funnel_dashboard.dart;lib/features/admin/presentation/pages/admin_settings_page.dart,,,B_simple,done
66,RD-M23-B01,RD-M23,dev,sc399DesignSystem,Design system,dev — all,6,sc325RouteChecker;sc326PerformanceMonitor;sc398MissingScreensShowcase;sc399DesignSystem;sc400DcaOverviewDemo;sc401CopyTradingCardDemo,lib/features/dev/presentation/pages/route_checker_page.dart;lib/features/dev/presentation/pages/performance_monitor.dart;lib/features/dev/presentation/pages/missing_screens_showcase_page.dart;lib/features/dev/presentation/pages/design_system_page.dart;lib/features/dca/presentation/pages/dca_overview_demo.dart;lib/features/trade/presentation/pages/copy_trading_card_demo.dart,,,B_simple,done
