file,line,owner,sourceWidget,classification,mode,fallback,highRisk,issue,notes
"flutter_app/lib/app/router/internal_surface_gate.dart","92","_InternalSurfaceRestrictedPage","VitHeader","parent_route_only","parent_route_only","AppRoutePaths.home","no","-","Back goes to an explicit parent route."
"flutter_app/lib/features/admin/presentation/pages/ab_test_dashboard.dart","56","_ABTestDashboardState","VitHeader","parent_route_only","parent_route_only","AppRoutePaths.admin","no","-","Back goes to an explicit parent route."
"flutter_app/lib/features/admin/presentation/pages/admin_settings_page.dart","44","AdminSettingsPage","VitHeader","parent_route_only","parent_route_only","AppRoutePaths.admin","no","-","Back goes to an explicit parent route."
"flutter_app/lib/features/admin/presentation/pages/analytics_dashboard.dart","62","_AnalyticsDashboardState","VitHeader","parent_route_only","parent_route_only","AppRoutePaths.admin","no","-","Back goes to an explicit parent route."
"flutter_app/lib/features/admin/presentation/pages/funnel_dashboard.dart","68","_FunnelDashboardState","VitHeader","parent_route_only","parent_route_only","AppRoutePaths.admin","no","-","Back goes to an explicit parent route."
"flutter_app/lib/features/arena/presentation/pages/arena_blocked_users_page.dart","77","_ArenaBlockedUsersPageState","VitHeader","history_then_fallback","history_then_fallback","AppRoutePaths.arenaSafety","no","-","History pop is paired with an explicit fallback route."
"flutter_app/lib/features/arena/presentation/pages/arena_challenge_detail_page.dart","115","_ArenaChallengeDetailPageState","VitHeader","history_then_fallback","history_then_fallback","AppRoutePaths.arena","no","-","History pop is paired with an explicit fallback route."
"flutter_app/lib/features/arena/presentation/pages/arena_creator_page.dart","81","_ArenaCreatorPageState","VitHeader","history_then_fallback","history_then_fallback","AppRoutePaths.arena","no","-","History pop is paired with an explicit fallback route."
"flutter_app/lib/features/arena/presentation/pages/arena_flow_map_page.dart","97","_ArenaFlowMapPageState","VitHeader","history_then_fallback","history_then_fallback","AppRoutePaths.arena","no","-","History pop is paired with an explicit fallback route."
"flutter_app/lib/features/arena/presentation/pages/arena_governance_gate_page.dart","122","_ArenaGovernanceGatePageState","VitHeader","history_then_fallback","history_then_fallback","AppRoutePaths.arenaStudio","no","-","History pop is paired with an explicit fallback route."
"flutter_app/lib/features/arena/presentation/pages/arena_guide_page.dart","89","_ArenaGuidePageState","VitHeader","history_then_fallback","history_then_fallback","AppRoutePaths.arena","no","-","History pop is paired with an explicit fallback route."
"flutter_app/lib/features/arena/presentation/pages/arena_home_page_part_01.dart","35","_ArenaHomePageState","VitTopChrome","history_then_fallback","history_then_fallback","AppRoutePaths.home","no","-","History pop is paired with an explicit fallback route."
"flutter_app/lib/features/arena/presentation/pages/arena_join_page.dart","87","_ArenaJoinPageState","VitHeader","history_then_fallback","history_then_fallback","AppRoutePaths.arenaChallenge(widget.challengeId)","no","-","History pop is paired with an explicit fallback route."
"flutter_app/lib/features/arena/presentation/pages/arena_leaderboard_page.dart","106","_ArenaLeaderboardPageState","VitHeader","history_then_fallback","history_then_fallback","AppRoutePaths.arena","no","-","History pop is paired with an explicit fallback route."
"flutter_app/lib/features/arena/presentation/pages/arena_mode_detail_page.dart","74","_ArenaModeDetailPageState","VitHeader","history_then_fallback","history_then_fallback","AppRoutePaths.arena","no","-","History pop is paired with an explicit fallback route."
"flutter_app/lib/features/arena/presentation/pages/arena_points_entry_detail_page.dart","79","_ArenaPointsEntryDetailPageState","VitHeader","history_then_fallback","history_then_fallback","AppRoutePaths.arenaLedger","no","-","History pop is paired with an explicit fallback route."
"flutter_app/lib/features/arena/presentation/pages/arena_points_ledger_page.dart","75","_ArenaPointsLedgerPageState","VitHeader","history_then_fallback","history_then_fallback","AppRoutePaths.arena","no","-","History pop is paired with an explicit fallback route."
"flutter_app/lib/features/arena/presentation/pages/arena_points_page_part_01.dart","39","_ArenaPointsPageState","VitTopChrome","history_then_fallback","history_then_fallback","widget.backRoute","no","-","History pop is paired with an explicit fallback route."
"flutter_app/lib/features/arena/presentation/pages/arena_prediction_bridge_foundation_page_part_01.dart","28","_ArenaPredictionBridgeFoundationPageState","VitHeader","history_then_fallback","history_then_fallback","AppRoutePaths.arena","no","-","History pop is paired with an explicit fallback route."
"flutter_app/lib/features/arena/presentation/pages/arena_production_ready_page_part_01.dart","27","_ArenaProductionReadyPageState","VitHeader","history_then_fallback","history_then_fallback","AppRoutePaths.arena","no","-","History pop is paired with an explicit fallback route."
"flutter_app/lib/features/arena/presentation/pages/arena_report_case_page.dart","105","_ArenaReportCasePageState","VitHeader","history_then_fallback","history_then_fallback","AppRoutePaths.arena","no","-","History pop is paired with an explicit fallback route."
"flutter_app/lib/features/arena/presentation/pages/arena_resolution_center_page.dart","52","ArenaResolutionCenterPage","VitHeader","history_then_fallback","history_then_fallback","AppRoutePaths.arena","no","-","History pop is paired with an explicit fallback route."
"flutter_app/lib/features/arena/presentation/pages/arena_safety_center_page.dart","74","ArenaSafetyCenterPage","VitHeader","history_then_fallback","history_then_fallback","AppRoutePaths.arena","no","-","History pop is paired with an explicit fallback route."
"flutter_app/lib/features/arena/presentation/pages/arena_smart_rule_builder_page.dart","165","_ArenaSmartRuleBuilderPageState","VitHeader","history_then_fallback","history_then_fallback","AppRoutePaths.arenaStudio","no","-","History pop is paired with an explicit fallback route."
"flutter_app/lib/features/arena/presentation/pages/arena_studio_page.dart","80","_ArenaStudioPageState","VitHeader","history_then_fallback","history_then_fallback","AppRoutePaths.arena","no","-","History pop is paired with an explicit fallback route."
"flutter_app/lib/features/arena/presentation/pages/arena_trust_breakdown_page.dart","61","ArenaTrustBreakdownPage","VitHeader","history_then_fallback","history_then_fallback","AppRoutePaths.arena","no","-","History pop is paired with an explicit fallback route."
"flutter_app/lib/features/arena/presentation/pages/arena_universal_preset_library_page.dart","81","_ArenaUniversalPresetLibraryPageState","VitHeader","history_then_fallback","history_then_fallback","AppRoutePaths.arenaStudio","no","-","History pop is paired with an explicit fallback route."
"flutter_app/lib/features/arena/presentation/pages/connected_ecosystem_production_page.dart","82","_ConnectedEcosystemProductionPageState","VitHeader","history_then_fallback","history_then_fallback","AppRoutePaths.arena","no","-","History pop is paired with an explicit fallback route."
"flutter_app/lib/features/arena/presentation/pages/my_arena_page.dart","93","_MyArenaPageState","VitHeader","history_then_fallback","history_then_fallback","-","no","-","History pop is paired with an explicit fallback route."
"flutter_app/lib/features/arena/presentation/pages/my_arena_reports_page.dart","70","_MyArenaReportsPageState","VitHeader","history_then_fallback","history_then_fallback","AppRoutePaths.arena","no","-","History pop is paired with an explicit fallback route."
"flutter_app/lib/features/arena/presentation/pages/verified_challenges_page.dart","56","VerifiedChallengesPage","VitHeader","history_then_fallback","history_then_fallback","AppRoutePaths.arena","no","-","History pop is paired with an explicit fallback route."
"flutter_app/lib/features/auth/presentation/pages/forgot_password_page.dart","237","_ForgotPasswordPageState","VitHeader","history_then_fallback","history_then_fallback","AppRoutePaths.authLogin","no","-","Uses shared back-navigation helper."
"flutter_app/lib/features/auth/presentation/pages/otp_page.dart","225","_OTPPageState","VitHeader","parent_route_only","parent_route_only","AppRoutePaths.authLogin","no","-","Back goes to an explicit parent route."
"flutter_app/lib/features/auth/presentation/pages/register_page.dart","171","_RegisterPageState","VitHeader","parent_route_only","parent_route_only","AppRoutePaths.authLogin","no","-","Back goes to an explicit parent route."
"flutter_app/lib/features/auth/presentation/pages/reset_password_page.dart","174","_ResetPasswordPageState","VitHeader","history_then_fallback","history_then_fallback","AppRoutePaths.authLogin","no","-","Uses shared back-navigation helper."
"flutter_app/lib/features/auth/presentation/pages/two_fa_setup_page.dart","199","_TwoFASetupPageState","VitHeader","history_then_fallback","history_then_fallback","AppRoutePaths.authOtp","no","-","Uses shared back-navigation helper."
"flutter_app/lib/features/cross_module/presentation/pages/unified_portfolio_dashboard.dart","59","_UnifiedPortfolioDashboardState","VitHeader","parent_route_only","parent_route_only","snapshot.backRoute","no","-","Back goes to an explicit parent route."
"flutter_app/lib/features/cross_module/presentation/widgets/cross_module_tabbed_shell.dart","41","CrossModuleTabbedPageShell","VitHeader","parent_route_only","delegated_by_owner","delegated_callback","no","-","Reusable widget receives an owner-provided back callback."
"flutter_app/lib/features/dca/presentation/pages/dca_backtester_page.dart","59","_DCABacktesterPageState","VitHeader","history_then_fallback","history_then_fallback","AppRoutePaths.dca","no","-","History pop is paired with an explicit fallback route."
"flutter_app/lib/features/dca/presentation/pages/dca_dynamic_amount_page.dart","72","_DCADynamicAmountState","VitHeader","history_then_fallback","history_then_fallback","AppRoutePaths.dca","no","-","History pop is paired with an explicit fallback route."
"flutter_app/lib/features/dca/presentation/pages/dca_multi_asset_page_part_01.dart","44","_DCAMultiAssetPageState","VitHeader","history_then_fallback","history_then_fallback","AppRoutePaths.dca","no","-","History pop is paired with an explicit fallback route."
"flutter_app/lib/features/dca/presentation/pages/dca_overview_demo.dart","68","_DCAOverviewDemoState","VitHeader","parent_route_only","parent_route_only","snapshot.backRoute","no","-","Back goes to an explicit parent route."
"flutter_app/lib/features/dca/presentation/pages/dca_page_part_01.dart","26","_DCAPageState","VitTopChrome","history_then_fallback","history_then_fallback","AppRoutePaths.trade","no","-","Uses shared back-navigation helper."
"flutter_app/lib/features/dca/presentation/pages/dca_performance_compare_page.dart","63","_DCAPerformanceComparePageState","VitHeader","history_then_fallback","history_then_fallback","AppRoutePaths.dca","no","-","History pop is paired with an explicit fallback route."
"flutter_app/lib/features/dca/presentation/pages/dca_portfolio_optimizer_page.dart","94","_DCAPortfolioOptimizerState","VitHeader","history_then_fallback","history_then_fallback","AppRoutePaths.dca","no","-","History pop is paired with an explicit fallback route."
"flutter_app/lib/features/dca/presentation/pages/dca_rebalance_config_page.dart","96","_DCARebalanceConfigState","VitHeader","history_then_fallback","history_then_fallback","AppRoutePaths.dca","no","-","History pop is paired with an explicit fallback route."
"flutter_app/lib/features/dca/presentation/pages/dca_rebalance_dashboard_page.dart","49","DCARebalanceDashboard","VitTopChrome","history_then_fallback","history_then_fallback","AppRoutePaths.dca","no","-","History pop is paired with an explicit fallback route."
"flutter_app/lib/features/dca/presentation/pages/dca_schedule_analytics_page.dart","49","DCAScheduleAnalytics","VitTopChrome","history_then_fallback","history_then_fallback","AppRoutePaths.dca","no","-","History pop is paired with an explicit fallback route."
"flutter_app/lib/features/dca/presentation/pages/dca_schedule_config_page.dart","85","_DCAScheduleConfigState","VitHeader","history_then_fallback","history_then_fallback","AppRoutePaths.dca","no","-","History pop is paired with an explicit fallback route."
"flutter_app/lib/features/dca/presentation/pages/dca_smart_rules_page.dart","59","_DCASmartRulesPageState","VitHeader","history_then_fallback","history_then_fallback","AppRoutePaths.dca","no","-","History pop is paired with an explicit fallback route."
"flutter_app/lib/features/dev/presentation/pages/design_system_page.dart","97","_DesignSystemPageState","VitHeader","parent_route_only","parent_route_only","snapshot.backRoute","no","-","Back goes to an explicit parent route."
"flutter_app/lib/features/dev/presentation/pages/missing_screens_showcase_page.dart","69","_MissingScreensShowcasePageState","VitHeader","parent_route_only","parent_route_only","snapshot.backRoute","no","-","Back goes to an explicit parent route."
"flutter_app/lib/features/dev/presentation/pages/performance_monitor.dart","58","_PerformanceMonitorState","VitHeader","parent_route_only","parent_route_only","snapshot.backRoute","no","-","Back goes to an explicit parent route."
"flutter_app/lib/features/dev/presentation/pages/route_checker_page.dart","68","_RouteCheckerState","VitHeader","parent_route_only","parent_route_only","snapshot.backRoute","no","-","Back goes to an explicit parent route."
"flutter_app/lib/features/discovery/presentation/pages/topic_hub_page.dart","94","_TopicHubPageState","VitHeader","parent_route_only","parent_route_only","AppRoutePaths.home","no","-","Back goes to an explicit parent route."
"flutter_app/lib/features/discovery/presentation/pages/unified_search_page.dart","78","_UnifiedSearchPageState","VitHeader","parent_route_only","parent_route_only","AppRoutePaths.home","no","-","Back goes to an explicit parent route."
"flutter_app/lib/features/earn/presentation/pages/auto_compound_settings_page_part_01.dart","34","_AutoCompoundSettingsPageState","VitHeader","parent_route_only","parent_route_only","snapshot.backRoute","no","-","Back goes to an explicit parent route."
"flutter_app/lib/features/earn/presentation/pages/earn_portfolio_page.dart","26","_SavingsPortfolioPageState","VitHeader","parent_route_only","parent_route_only","snapshot.backRoute","no","-","Back goes to an explicit parent route."
"flutter_app/lib/features/earn/presentation/pages/savings_analytics_page.dart","69","_SavingsAnalyticsPageState","VitHeader","parent_route_only","parent_route_only","snapshot.backRoute","no","-","Back goes to an explicit parent route."
"flutter_app/lib/features/earn/presentation/pages/savings_auto_rebalance_page.dart","101","_SavingsAutoRebalancePageState","VitHeader","parent_route_only","parent_route_only","snapshot.backRoute","no","-","Back goes to an explicit parent route."
"flutter_app/lib/features/earn/presentation/pages/savings_autopilot_page.dart","84","_SavingsAutoPilotPageState","VitHeader","parent_route_only","parent_route_only","snapshot.backRoute","no","-","Back goes to an explicit parent route."
"flutter_app/lib/features/earn/presentation/pages/savings_backtest_page.dart","96","_SavingsBacktestPageState","VitHeader","parent_route_only","parent_route_only","snapshot.backRoute","no","-","Back goes to an explicit parent route."
"flutter_app/lib/features/earn/presentation/pages/savings_comparison_page.dart","74","_SavingsComparisonPageState","VitHeader","parent_route_only","parent_route_only","snapshot.backRoute","no","-","Back goes to an explicit parent route."
"flutter_app/lib/features/earn/presentation/pages/savings_dca_page.dart","71","_SavingsDCAPageState","VitHeader","parent_route_only","parent_route_only","snapshot.backRoute","no","-","Back goes to an explicit parent route."
"flutter_app/lib/features/earn/presentation/pages/savings_export_page.dart","94","_SavingsExportPageState","VitHeader","parent_route_only","parent_route_only","snapshot.backRoute","no","-","Back goes to an explicit parent route."
"flutter_app/lib/features/earn/presentation/pages/savings_faq_page.dart","71","_SavingsFAQPageState","VitHeader","parent_route_only","parent_route_only","snapshot.backRoute","no","-","Back goes to an explicit parent route."
"flutter_app/lib/features/earn/presentation/pages/savings_goal_page_part_01.dart","28","_SavingsGoalPageState","VitHeader","parent_route_only","parent_route_only","snapshot.backRoute","no","-","Back goes to an explicit parent route."
"flutter_app/lib/features/earn/presentation/pages/savings_guide_page.dart","65","_SavingsGuidePageState","VitHeader","parent_route_only","parent_route_only","snapshot.backRoute","no","-","Back goes to an explicit parent route."
"flutter_app/lib/features/earn/presentation/pages/savings_history_page.dart","66","_SavingsHistoryPageState","VitHeader","parent_route_only","parent_route_only","snapshot.backRoute","no","-","Back goes to an explicit parent route."
"flutter_app/lib/features/earn/presentation/pages/savings_ladder_page.dart","92","_SavingsLadderPageState","VitHeader","parent_route_only","parent_route_only","snapshot.backRoute","no","-","Back goes to an explicit parent route."
"flutter_app/lib/features/earn/presentation/pages/savings_notification_preferences_page.dart","90","_SavingsNotificationPreferencesPageState","VitHeader","parent_route_only","parent_route_only","snapshot.backRoute","no","-","Back goes to an explicit parent route."
"flutter_app/lib/features/earn/presentation/pages/savings_notifications_page.dart","80","_SavingsNotificationsPageState","VitHeader","parent_route_only","parent_route_only","snapshot.backRoute","no","-","Back goes to an explicit parent route."
"flutter_app/lib/features/earn/presentation/pages/savings_page.dart","79","_SavingsPageState","VitHeader","history_then_fallback","history_then_fallback","snapshot.backRoute","no","-","Uses shared back-navigation helper."
"flutter_app/lib/features/earn/presentation/pages/savings_product_detail_page.dart","53","SavingsProductDetailPage","VitHeader","parent_route_only","parent_route_only","snapshot.backRoute","no","-","Back goes to an explicit parent route."
"flutter_app/lib/features/earn/presentation/pages/savings_receipt_page.dart","35","SavingsReceiptPage","VitHeader","parent_route_only","parent_route_only","snapshot.backRoute","no","-","Back goes to an explicit parent route."
"flutter_app/lib/features/earn/presentation/pages/savings_recommendations_page_part_01.dart","40","_SavingsRecommendationsPageState","VitHeader","parent_route_only","parent_route_only","snapshot.backRoute","no","-","Back goes to an explicit parent route."
"flutter_app/lib/features/earn/presentation/pages/savings_redeem_page.dart","41","SavingsRedeemPage","VitHeader","parent_route_only","parent_route_only","snapshot.backRoute","no","-","Back goes to an explicit parent route."
"flutter_app/lib/features/earn/presentation/pages/savings_risk_assessment_page.dart","75","_SavingsRiskAssessmentPageState","VitHeader","parent_route_only","parent_route_only","snapshot.backRoute","no","-","Back goes to an explicit parent route."
"flutter_app/lib/features/earn/presentation/pages/savings_smart_suggestions_page.dart","72","_SavingsSmartSuggestionsPageState","VitHeader","parent_route_only","parent_route_only","snapshot.backRoute","no","-","Back goes to an explicit parent route."
"flutter_app/lib/features/earn/presentation/pages/savings_what_if_page.dart","99","_SavingsWhatIfPageState","VitHeader","parent_route_only","parent_route_only","snapshot.backRoute","no","-","Back goes to an explicit parent route."
"flutter_app/lib/features/earn/presentation/pages/staking_advanced_orders_page.dart","78","_StakingAdvancedOrdersPageState","VitTopChrome","parent_route_only","parent_route_only","snapshot.backRoute","no","-","Back goes to an explicit parent route."
"flutter_app/lib/features/earn/presentation/pages/staking_analytics_page_part_01.dart","27","_StakingAnalyticsPageState","VitHeader","parent_route_only","parent_route_only","snapshot.backRoute","no","-","Back goes to an explicit parent route."
"flutter_app/lib/features/earn/presentation/pages/staking_api_documentation_page.dart","89","_StakingApiDocumentationPageState","VitTopChrome","parent_route_only","parent_route_only","snapshot.backRoute","no","-","Back goes to an explicit parent route."
"flutter_app/lib/features/earn/presentation/pages/staking_audit_reports_page.dart","73","_StakingAuditReportsPageState","VitTopChrome","parent_route_only","parent_route_only","snapshot.backRoute","no","-","Back goes to an explicit parent route."
"flutter_app/lib/features/earn/presentation/pages/staking_auto_compound_page_part_01.dart","58","_StakingAutoCompoundPageState","VitTopChrome","parent_route_only","parent_route_only","snapshot.backRoute","no","-","Back goes to an explicit parent route."
"flutter_app/lib/features/earn/presentation/pages/staking_community_governance_page.dart","57","StakingCommunityGovernancePage","VitTopChrome","parent_route_only","parent_route_only","snapshot.backRoute","no","-","Back goes to an explicit parent route."
"flutter_app/lib/features/earn/presentation/pages/staking_contingency_plan_page.dart","57","StakingContingencyPlanPage","VitTopChrome","parent_route_only","parent_route_only","snapshot.backRoute","no","-","Back goes to an explicit parent route."
"flutter_app/lib/features/earn/presentation/pages/staking_custody_page.dart","61","_StakingCustodyPageState","VitTopChrome","parent_route_only","parent_route_only","snapshot.backRoute","no","-","Back goes to an explicit parent route."
"flutter_app/lib/features/earn/presentation/pages/staking_dashboard_page.dart","66","_StakingDashboardPageState","VitHeader","parent_route_only","parent_route_only","snapshot.backRoute","no","-","Back goes to an explicit parent route."
"flutter_app/lib/features/earn/presentation/pages/staking_data_export_page.dart","72","_StakingDataExportPageState","VitTopChrome","parent_route_only","parent_route_only","snapshot.backRoute","no","-","Back goes to an explicit parent route."
"flutter_app/lib/features/earn/presentation/pages/staking_developer_console_page.dart","75","_StakingDeveloperConsolePageState","VitTopChrome","parent_route_only","parent_route_only","snapshot.backRoute","no","-","Back goes to an explicit parent route."
"flutter_app/lib/features/earn/presentation/pages/staking_earn_page.dart","75","_StakingEarnPageState","VitTopChrome","parent_route_only","parent_route_only","snapshot.backRoute","no","-","Back goes to an explicit parent route."
"flutter_app/lib/features/earn/presentation/pages/staking_earnings_calendar_page.dart","84","_StakingEarningsCalendarPageState","VitHeader","parent_route_only","parent_route_only","snapshot.backRoute","no","-","Back goes to an explicit parent route."
"flutter_app/lib/features/earn/presentation/pages/staking_emergency_actions_page.dart","54","StakingEmergencyActionsPage","VitTopChrome","parent_route_only","parent_route_only","snapshot.backRoute","no","-","Back goes to an explicit parent route."
"flutter_app/lib/features/earn/presentation/pages/staking_faq_page.dart","61","_StakingFAQPageState","VitTopChrome","parent_route_only","parent_route_only","snapshot.backRoute","no","-","Back goes to an explicit parent route."
"flutter_app/lib/features/earn/presentation/pages/staking_forum_page.dart","49","StakingForumPage","VitTopChrome","parent_route_only","parent_route_only","snapshot.backRoute","no","-","Back goes to an explicit parent route."
"flutter_app/lib/features/earn/presentation/pages/staking_guide_page.dart","69","_StakingGuidePageState","VitTopChrome","parent_route_only","parent_route_only","snapshot.backRoute","no","-","Back goes to an explicit parent route."
"flutter_app/lib/features/earn/presentation/pages/staking_history_page.dart","80","_StakingHistoryPageState","VitHeader","parent_route_only","parent_route_only","snapshot.backRoute","no","-","Back goes to an explicit parent route."
"flutter_app/lib/features/earn/presentation/pages/staking_institutional_page.dart","76","_StakingInstitutionalPageState","VitTopChrome","parent_route_only","parent_route_only","snapshot.backRoute","no","-","Back goes to an explicit parent route."
"flutter_app/lib/features/earn/presentation/pages/staking_insurance_fund_transparency_page.dart","69","_StakingInsuranceFundTransparencyPageState","VitTopChrome","parent_route_only","parent_route_only","snapshot.backRoute","no","-","Back goes to an explicit parent route."
"flutter_app/lib/features/earn/presentation/pages/staking_insurance_page_part_01.dart","24","_StakingInsurancePageState","VitTopChrome","parent_route_only","parent_route_only","snapshot.backRoute","no","-","Back goes to an explicit parent route."
"flutter_app/lib/features/earn/presentation/pages/staking_liquid_staking_page_part_01.dart","34","_StakingLiquidStakingPageState","VitTopChrome","parent_route_only","parent_route_only","snapshot.backRoute","no","-","Back goes to an explicit parent route."
"flutter_app/lib/features/earn/presentation/pages/staking_multi_chain_page.dart","63","StakingMultiChainPage","VitTopChrome","parent_route_only","parent_route_only","snapshot.backRoute","no","-","Back goes to an explicit parent route."
"flutter_app/lib/features/earn/presentation/pages/staking_notifications_page.dart","82","_StakingNotificationsPageState","VitTopChrome","parent_route_only","parent_route_only","snapshot.backRoute","no","-","Back goes to an explicit parent route."
"flutter_app/lib/features/earn/presentation/pages/staking_proof_of_reserves_page_part_01.dart","28","_StakingProofOfReservesPageState","VitTopChrome","parent_route_only","parent_route_only","snapshot.backRoute","yes","-","Back goes to an explicit parent route."
"flutter_app/lib/features/earn/presentation/pages/staking_proposals_page.dart","48","StakingProposalsPage","VitTopChrome","parent_route_only","parent_route_only","snapshot.backRoute","no","-","Back goes to an explicit parent route."
"flutter_app/lib/features/earn/presentation/pages/staking_recommendations_page.dart","70","_StakingRecommendationsPageState","VitTopChrome","parent_route_only","parent_route_only","snapshot.backRoute","no","-","Back goes to an explicit parent route."
"flutter_app/lib/features/earn/presentation/pages/staking_regulatory_framework_page.dart","72","_StakingRegulatoryFrameworkPageState","VitTopChrome","parent_route_only","parent_route_only","snapshot.backRoute","no","-","Back goes to an explicit parent route."
"flutter_app/lib/features/earn/presentation/pages/staking_risk_assessment_page.dart","72","_StakingRiskAssessmentPageState","VitTopChrome","parent_route_only","parent_route_only","snapshot.backRoute","yes","-","Back goes to an explicit parent route."
"flutter_app/lib/features/earn/presentation/pages/staking_risk_dashboard_page.dart","59","StakingRiskDashboardPage","VitTopChrome","parent_route_only","parent_route_only","snapshot.backRoute","no","-","Back goes to an explicit parent route."
"flutter_app/lib/features/earn/presentation/pages/staking_risk_disclosure_page.dart","95","_StakingRiskDisclosurePageState","VitTopChrome","parent_route_only","parent_route_only","snapshot.backRoute","no","-","Back goes to an explicit parent route."
"flutter_app/lib/features/earn/presentation/pages/staking_risk_score_calculator_page.dart","94","_StakingRiskScoreCalculatorPageState","VitTopChrome","parent_route_only","parent_route_only","snapshot.backRoute","no","-","Back goes to an explicit parent route."
"flutter_app/lib/features/earn/presentation/pages/staking_slashing_history_page.dart","68","_StakingSlashingHistoryPageState","VitTopChrome","parent_route_only","parent_route_only","snapshot.backRoute","no","-","Back goes to an explicit parent route."
"flutter_app/lib/features/earn/presentation/pages/staking_social_feed_page.dart","66","_StakingSocialFeedPageState","VitTopChrome","parent_route_only","parent_route_only","snapshot.backRoute","no","-","Back goes to an explicit parent route."
"flutter_app/lib/features/earn/presentation/pages/staking_suitability_assessment_page.dart","98","_StakingSuitabilityAssessmentPageState","VitTopChrome","parent_route_only","parent_route_only","snapshot.backRoute","no","-","Back goes to an explicit parent route."
"flutter_app/lib/features/earn/presentation/pages/staking_tax_guide_page.dart","72","_StakingTaxGuidePageState","VitTopChrome","parent_route_only","parent_route_only","snapshot.backRoute","no","-","Back goes to an explicit parent route."
"flutter_app/lib/features/earn/presentation/pages/staking_terms_page.dart","60","_StakingTermsPageState","VitTopChrome","parent_route_only","parent_route_only","snapshot.backRoute","no","-","Back goes to an explicit parent route."
"flutter_app/lib/features/earn/presentation/pages/staking_third_party_integrations_page.dart","76","_StakingThirdPartyIntegrationsPageState","VitTopChrome","parent_route_only","parent_route_only","snapshot.backRoute","no","-","Back goes to an explicit parent route."
"flutter_app/lib/features/earn/presentation/pages/staking_transaction_reporting_page.dart","100","_StakingTransactionReportingPageState","VitTopChrome","parent_route_only","parent_route_only","snapshot.backRoute","no","-","Back goes to an explicit parent route."
"flutter_app/lib/features/earn/presentation/pages/staking_validator_health_monitor_page.dart","63","_StakingValidatorHealthMonitorPageState","VitTopChrome","parent_route_only","parent_route_only","snapshot.backRoute","no","-","Back goes to an explicit parent route."
"flutter_app/lib/features/earn/presentation/pages/staking_validator_selection_page.dart","79","_StakingValidatorSelectionPageState","VitTopChrome","parent_route_only","parent_route_only","snapshot.backRoute","no","-","Back goes to an explicit parent route."
"flutter_app/lib/features/earn/presentation/pages/staking_voting_page.dart","59","_StakingVotingPageState","VitTopChrome","parent_route_only","parent_route_only","snapshot.backRoute","no","-","Back goes to an explicit parent route."
"flutter_app/lib/features/earn/presentation/pages/staking_webhooks_page.dart","54","StakingWebhooksPage","VitTopChrome","parent_route_only","parent_route_only","snapshot.backRoute","no","-","Back goes to an explicit parent route."
"flutter_app/lib/features/earn/presentation/pages/staking_withdrawal_policy_page_part_01.dart","26","_StakingWithdrawalPolicyPageState","VitTopChrome","parent_route_only","parent_route_only","snapshot.backRoute","yes","-","Back goes to an explicit parent route."
"flutter_app/lib/features/enterprise_states/presentation/pages/enterprise_states_page.dart","67","_EnterpriseStatesPageState","VitHeader","parent_route_only","parent_route_only","snapshot.backRoute","no","-","Back goes to an explicit parent route."
"flutter_app/lib/features/launchpad/presentation/pages/launchpad_abi_diff_page.dart","89","_LaunchpadAbiDiffPageState","VitHeader","parent_route_only","parent_route_only","snapshot.backRoute","no","-","Back goes to an explicit parent route."
"flutter_app/lib/features/launchpad/presentation/pages/launchpad_address_book_page.dart","108","_LaunchpadAddressBookPageState","VitHeader","parent_route_only","parent_route_only","snapshot.backRoute","no","-","Back goes to an explicit parent route."
"flutter_app/lib/features/launchpad/presentation/pages/launchpad_batch_claim_page.dart","92","_LaunchpadBatchClaimPageState","VitHeader","parent_route_only","parent_route_only","snapshot.backRoute","yes","-","Back goes to an explicit parent route."
"flutter_app/lib/features/launchpad/presentation/pages/launchpad_bridge_compare_page.dart","91","_LaunchpadBridgeComparePageState","VitHeader","parent_route_only","parent_route_only","snapshot.backRoute","no","-","Back goes to an explicit parent route."
"flutter_app/lib/features/launchpad/presentation/pages/launchpad_bridge_order_page.dart","76","_LaunchpadBridgeOrderPageState","VitHeader","parent_route_only","parent_route_only","snapshot.backRoute","no","-","Back goes to an explicit parent route."
"flutter_app/lib/features/launchpad/presentation/pages/launchpad_claim_receipt_page.dart","92","_LaunchpadClaimReceiptPageState","VitHeader","parent_route_only","parent_route_only","snapshot.backRoute","yes","-","Uses shared back-navigation helper."
"flutter_app/lib/features/launchpad/presentation/pages/launchpad_contract_page.dart","55","LaunchpadContractPage","VitHeader","parent_route_only","parent_route_only","snapshot.backRoute","no","-","Back goes to an explicit parent route."
"flutter_app/lib/features/launchpad/presentation/pages/launchpad_dca_builder_page.dart","107","_LaunchpadDcaBuilderPageState","VitHeader","parent_route_only","parent_route_only","snapshot.backRoute","no","-","Back goes to an explicit parent route."
"flutter_app/lib/features/launchpad/presentation/pages/launchpad_detail_page.dart","56","LaunchpadDetailPage","VitHeader","parent_route_only","parent_route_only","snapshot.backRoute","no","-","Back goes to an explicit parent route."
"flutter_app/lib/features/launchpad/presentation/pages/launchpad_event_log_page.dart","107","_LaunchpadEventLogPageState","VitHeader","parent_route_only","parent_route_only","snapshot.backRoute","no","-","Back goes to an explicit parent route."
"flutter_app/lib/features/launchpad/presentation/pages/launchpad_gas_tracker_page.dart","110","_LaunchpadGasTrackerPageState","VitHeader","parent_route_only","parent_route_only","snapshot.backRoute","no","-","Back goes to an explicit parent route."
"flutter_app/lib/features/launchpad/presentation/pages/launchpad_ido_bridge_page.dart","55","LaunchpadIdoBridgePage","VitHeader","parent_route_only","parent_route_only","snapshot.backRoute","no","-","Back goes to an explicit parent route."
"flutter_app/lib/features/launchpad/presentation/pages/launchpad_limit_orders_page.dart","122","_LaunchpadLimitOrdersPageState","VitHeader","parent_route_only","parent_route_only","snapshot.backRoute","no","-","Back goes to an explicit parent route."
"flutter_app/lib/features/launchpad/presentation/pages/launchpad_multisig_page_part_01.dart","46","_LaunchpadMultisigPageState","VitHeader","parent_route_only","parent_route_only","snapshot.backRoute","no","-","Back goes to an explicit parent route."
"flutter_app/lib/features/launchpad/presentation/pages/launchpad_notif_sound_page.dart","92","_LaunchpadNotifSoundPageState","VitHeader","parent_route_only","parent_route_only","snapshot.backRoute","no","-","Back goes to an explicit parent route."
"flutter_app/lib/features/launchpad/presentation/pages/launchpad_page.dart","94","_LaunchpadPageState","VitTopChrome","parent_route_only","parent_route_only","snapshot.backRoute","no","-","Back goes to an explicit parent route."
"flutter_app/lib/features/launchpad/presentation/pages/launchpad_performance_page.dart","97","_LaunchpadPerformancePageState","VitHeader","parent_route_only","parent_route_only","snapshot.backRoute","no","-","Back goes to an explicit parent route."
"flutter_app/lib/features/launchpad/presentation/pages/launchpad_portfolio_page.dart","77","_LaunchpadPortfolioPageState","VitHeader","parent_route_only","parent_route_only","snapshot.backRoute","no","-","Back goes to an explicit parent route."
"flutter_app/lib/features/launchpad/presentation/pages/launchpad_rebalance_page.dart","119","_LaunchpadRebalancePageState","VitHeader","parent_route_only","parent_route_only","snapshot.backRoute","no","-","Back goes to an explicit parent route."
"flutter_app/lib/features/launchpad/presentation/pages/launchpad_receipt_page.dart","62","LaunchpadReceiptPage","VitHeader","parent_route_only","parent_route_only","snapshot.backRoute","no","-","Back goes to an explicit parent route."
"flutter_app/lib/features/launchpad/presentation/pages/launchpad_risk_analytics_page.dart","74","_LaunchpadRiskAnalyticsPageState","VitHeader","parent_route_only","parent_route_only","snapshot.backRoute","no","-","Back goes to an explicit parent route."
"flutter_app/lib/features/launchpad/presentation/pages/launchpad_staking_page_part_01.dart","23","_LaunchpadStakingPageState","VitHeader","parent_route_only","parent_route_only","snapshot.backRoute","no","-","Back goes to an explicit parent route."
"flutter_app/lib/features/launchpad/presentation/pages/launchpad_swap_aggregator_page.dart","119","_LaunchpadSwapAggregatorPageState","VitHeader","parent_route_only","parent_route_only","snapshot.backRoute","no","-","Back goes to an explicit parent route."
"flutter_app/lib/features/launchpad/presentation/pages/launchpad_webhooks_page.dart","151","_LaunchpadWebhooksPageState","VitHeader","parent_route_only","parent_route_only","snapshot.backRoute","no","-","Back goes to an explicit parent route."
"flutter_app/lib/features/markets/presentation/pages/advanced_charts_page_part_01.dart","31","_AdvancedChartsPageState","VitHeader","parent_route_only","parent_route_only","AppRoutePaths.markets","no","-","Back goes to an explicit parent route."
"flutter_app/lib/features/markets/presentation/pages/comparison_tool_page.dart","104","_ComparisonToolPageState","VitHeader","parent_route_only","parent_route_only","AppRoutePaths.markets","no","-","Back goes to an explicit parent route."
"flutter_app/lib/features/markets/presentation/pages/derivatives_overview_page.dart","63","_DerivativesOverviewPageState","VitHeader","parent_route_only","parent_route_only","AppRoutePaths.markets","no","-","Back goes to an explicit parent route."
"flutter_app/lib/features/markets/presentation/pages/market_calendar_page.dart","86","_MarketCalendarPageState","VitHeader","parent_route_only","parent_route_only","AppRoutePaths.markets","no","-","Back goes to an explicit parent route."
"flutter_app/lib/features/markets/presentation/pages/market_correlations_page.dart","95","_MarketCorrelationsPageState","VitHeader","parent_route_only","parent_route_only","AppRoutePaths.markets","no","-","Back goes to an explicit parent route."
"flutter_app/lib/features/markets/presentation/pages/market_depth_page.dart","76","_MarketDepthPageState","VitHeader","parent_route_only","parent_route_only","resolvedBackPath","no","-","Uses shared back-navigation helper."
"flutter_app/lib/features/markets/presentation/pages/market_heatmap_page.dart","70","_MarketHeatmapPageState","VitHeader","parent_route_only","parent_route_only","AppRoutePaths.markets","no","-","Back goes to an explicit parent route."
"flutter_app/lib/features/markets/presentation/pages/market_movers_page.dart","149","_MarketMoversPageState","VitHeader","parent_route_only","parent_route_only","AppRoutePaths.markets","no","-","Back goes to an explicit parent route."
"flutter_app/lib/features/markets/presentation/pages/market_news_page.dart","78","_MarketNewsPageState","VitHeader","parent_route_only","parent_route_only","AppRoutePaths.markets","no","-","Back goes to an explicit parent route."
"flutter_app/lib/features/markets/presentation/pages/market_overview_page.dart","72","MarketOverviewPage","VitHeader","parent_route_only","parent_route_only","AppRoutePaths.markets","no","-","Back goes to an explicit parent route."
"flutter_app/lib/features/markets/presentation/pages/market_screener_page.dart","196","_MarketScreenerPageState","VitHeader","parent_route_only","parent_route_only","AppRoutePaths.markets","no","-","Back goes to an explicit parent route."
"flutter_app/lib/features/markets/presentation/pages/market_sectors_page.dart","83","_MarketSectorsPageState","VitHeader","parent_route_only","parent_route_only","AppRoutePaths.marketsSectors","no","-","Back goes to an explicit parent route."
"flutter_app/lib/features/markets/presentation/pages/portfolio_tracker_page_part_01.dart","28","_PortfolioTrackerPageState","VitHeader","parent_route_only","parent_route_only","AppRoutePaths.markets","no","-","Back goes to an explicit parent route."
"flutter_app/lib/features/markets/presentation/pages/price_alerts_page.dart","181","_PriceAlertsPageState","VitHeader","parent_route_only","parent_route_only","AppRoutePaths.markets","no","-","Back goes to an explicit parent route."
"flutter_app/lib/features/markets/presentation/pages/social_sentiment_page.dart","157","_SocialSentimentPageState","VitHeader","parent_route_only","parent_route_only","AppRoutePaths.markets","no","-","Back goes to an explicit parent route."
"flutter_app/lib/features/markets/presentation/pages/social_signals_page_part_01.dart","32","_SocialSignalsPageState","VitHeader","parent_route_only","parent_route_only","AppRoutePaths.markets","no","-","Back goes to an explicit parent route."
"flutter_app/lib/features/markets/presentation/pages/token_info_page.dart","139","_TokenInfoPageState","VitHeader","parent_route_only","parent_route_only","AppRoutePaths.pairDetail(pair.id)","no","-","Back goes to an explicit parent route."
"flutter_app/lib/features/markets/presentation/pages/token_unlocks_page_part_01.dart","30","_TokenUnlocksPageState","VitHeader","parent_route_only","parent_route_only","AppRoutePaths.markets","no","-","Back goes to an explicit parent route."
"flutter_app/lib/features/markets/presentation/pages/watchlist_page.dart","177","_WatchlistPageState","VitHeader","parent_route_only","parent_route_only","AppRoutePaths.markets","no","-","Back goes to an explicit parent route."
"flutter_app/lib/features/markets/presentation/widgets/pair_detail_header_widgets.dart","3","_PairHeader","VitHeaderActionButton","parent_route_only","delegated_by_owner","delegated_callback","no","-","Reusable widget receives an owner-provided back callback."
"flutter_app/lib/features/news/presentation/pages/news_page.dart","87","_NewsPageState","VitHeader","parent_route_only","parent_route_only","AppRoutePaths.home","no","-","Back goes to an explicit parent route."
"flutter_app/lib/features/notifications/presentation/pages/notifications_page.dart","77","_NotificationsPageState","VitHeader","parent_route_only","parent_route_only","snapshot.backRoute","no","-","Back goes to an explicit parent route."
"flutter_app/lib/features/p2p/presentation/pages/p2p_achievements_page.dart","63","P2PAchievementsPage","VitHeader","parent_route_only","parent_route_only","snapshot.parentRoute","no","-","Back goes to an explicit parent route."
"flutter_app/lib/features/p2p/presentation/pages/p2p_ad_analytics_page.dart","80","P2PAdAnalyticsPage","VitHeader","parent_route_only","parent_route_only","AppRoutePaths.p2p","no","-","Back goes to an explicit parent route."
"flutter_app/lib/features/p2p/presentation/pages/p2p_ad_detail_page.dart","75","_P2PAdDetailPageState","VitHeader","parent_route_only","parent_route_only","AppRoutePaths.p2p","no","-","Back goes to an explicit parent route."
"flutter_app/lib/features/p2p/presentation/pages/p2p_address_proof_page.dart","83","_P2PAddressProofPageState","VitHeader","parent_route_only","parent_route_only","snapshot.parentRoute","yes","-","Back goes to an explicit parent route."
"flutter_app/lib/features/p2p/presentation/pages/p2p_aml_screening_page.dart","55","P2PAmlScreeningPage","VitHeader","parent_route_only","parent_route_only","snapshot.parentRoute","no","-","Back goes to an explicit parent route."
"flutter_app/lib/features/p2p/presentation/pages/p2p_anti_phishing_code_page.dart","94","_P2PAntiPhishingCodePageState","VitHeader","parent_route_only","parent_route_only","snapshot.parentRoute","no","-","Back goes to an explicit parent route."
"flutter_app/lib/features/p2p/presentation/pages/p2p_blacklist_add_page.dart","88","_P2PBlacklistAddPageState","VitHeader","parent_route_only","parent_route_only","snapshot.parentRoute","no","-","Back goes to an explicit parent route."
"flutter_app/lib/features/p2p/presentation/pages/p2p_blacklist_page.dart","90","_P2PBlacklistPageState","VitHeader","parent_route_only","parent_route_only","snapshot.parentRoute","no","-","Back goes to an explicit parent route."
"flutter_app/lib/features/p2p/presentation/pages/p2p_compliance_overview_page.dart","58","P2PComplianceOverviewPage","VitHeader","parent_route_only","parent_route_only","snapshot.parentRoute","no","-","Back goes to an explicit parent route."
"flutter_app/lib/features/p2p/presentation/pages/p2p_contribution_history_page.dart","65","_P2PContributionHistoryPageState","VitHeader","parent_route_only","parent_route_only","snapshot.parentRoute","no","-","Back goes to an explicit parent route."
"flutter_app/lib/features/p2p/presentation/pages/p2p_dashboard_page.dart","87","_P2PDashboardPageState","VitHeader","parent_route_only","parent_route_only","snapshot.parentRoute","no","-","Back goes to an explicit parent route."
"flutter_app/lib/features/p2p/presentation/pages/p2p_dispute_detail_page.dart","94","_P2PDisputeDetailPageState","VitHeader","parent_route_only","parent_route_only","AppRoutePaths.p2pDisputes","yes","-","Back goes to an explicit parent route."
"flutter_app/lib/features/p2p/presentation/pages/p2p_dispute_evidence_page.dart","75","_P2PDisputeEvidencePageState","VitHeader","parent_route_only","parent_route_only","AppRoutePaths.p2pDisputeDetail(widget.disputeId)","yes","-","Back goes to an explicit parent route."
"flutter_app/lib/features/p2p/presentation/pages/p2p_dispute_page.dart","82","_P2PDisputePageState","VitHeader","parent_route_only","parent_route_only","AppRoutePaths.p2pOrder(widget.orderId)","yes","-","Back goes to an explicit parent route."
"flutter_app/lib/features/p2p/presentation/pages/p2p_dispute_resolution_page.dart","72","_P2PDisputeResolutionPageState","VitHeader","parent_route_only","parent_route_only","AppRoutePaths.p2pDisputeDetail(widget.disputeId)","yes","-","Back goes to an explicit parent route."
"flutter_app/lib/features/p2p/presentation/pages/p2p_disputes_page.dart","51","P2PDisputesPage","VitHeader","parent_route_only","parent_route_only","AppRoutePaths.p2p","yes","-","Back goes to an explicit parent route."
"flutter_app/lib/features/p2p/presentation/pages/p2p_e2e_info_page.dart","70","P2PE2EInfoPage","VitHeader","parent_route_only","parent_route_only","snapshot.parentRoute","no","-","Back goes to an explicit parent route."
"flutter_app/lib/features/p2p/presentation/pages/p2p_express_confirm_page.dart","94","_P2PExpressConfirmPageState","VitHeader","history_then_fallback","history_then_fallback","AppRoutePaths.p2p","yes","-","History pop is paired with an explicit fallback route."
"flutter_app/lib/features/p2p/presentation/pages/p2p_fraud_prevention_page.dart","89","_P2PFraudPreventionPageState","VitHeader","parent_route_only","parent_route_only","snapshot.parentRoute","no","-","Back goes to an explicit parent route."
"flutter_app/lib/features/p2p/presentation/pages/p2p_guide_page.dart","69","_P2PGuidePageState","VitHeader","parent_route_only","parent_route_only","snapshot.parentRoute","no","-","Back goes to an explicit parent route."
"flutter_app/lib/features/p2p/presentation/pages/p2p_identity_verification_page.dart","78","_P2PIdentityVerificationPageState","VitHeader","parent_route_only","parent_route_only","snapshot.parentRoute","yes","-","Back goes to an explicit parent route."
"flutter_app/lib/features/p2p/presentation/pages/p2p_insurance_fund_page.dart","87","_P2PInsuranceFundPageState","VitHeader","parent_route_only","parent_route_only","AppRoutePaths.p2p","no","-","Back goes to an explicit parent route."
"flutter_app/lib/features/p2p/presentation/pages/p2p_insurance_policy_page.dart","47","P2PInsurancePolicyPage","VitHeader","parent_route_only","parent_route_only","snapshot.parentRoute","no","-","Back goes to an explicit parent route."
"flutter_app/lib/features/p2p/presentation/pages/p2p_insurance_score_page.dart","50","P2PInsuranceScorePage","VitHeader","parent_route_only","parent_route_only","snapshot.parentRoute","no","-","Back goes to an explicit parent route."
"flutter_app/lib/features/p2p/presentation/pages/p2p_kyc_requirements_page.dart","64","P2PKycRequirementsPage","VitHeader","parent_route_only","parent_route_only","snapshot.parentRoute","yes","-","Back goes to an explicit parent route."
"flutter_app/lib/features/p2p/presentation/pages/p2p_kyc_status_page.dart","62","P2PKycStatusPage","VitHeader","parent_route_only","parent_route_only","snapshot.parentRoute","yes","-","Back goes to an explicit parent route."
"flutter_app/lib/features/p2p/presentation/pages/p2p_large_transaction_justification_page.dart","93","_P2PLargeTransactionJustificationPageState","VitHeader","parent_route_only","parent_route_only","snapshot.parentRoute","no","-","Back goes to an explicit parent route."
"flutter_app/lib/features/p2p/presentation/pages/p2p_login_history_page.dart","84","_P2PLoginHistoryPageState","VitHeader","parent_route_only","parent_route_only","snapshot.parentRoute","no","-","Back goes to an explicit parent route."
"flutter_app/lib/features/p2p/presentation/pages/p2p_merchant_apply_page_part_01.dart","48","_P2PMerchantApplyPageState","VitHeader","parent_route_only","parent_route_only","AppRoutePaths.p2p","no","-","Back goes to an explicit parent route."
"flutter_app/lib/features/p2p/presentation/pages/p2p_my_orders_page.dart","88","_P2PMyOrdersPageState","VitHeader","parent_route_only","parent_route_only","snapshot.parentRoute","no","-","Back goes to an explicit parent route."
"flutter_app/lib/features/p2p/presentation/pages/p2p_notifications_settings_page.dart","70","_P2PNotificationsSettingsPageState","VitHeader","parent_route_only","parent_route_only","snapshot.parentRoute","no","-","Back goes to an explicit parent route."
"flutter_app/lib/features/p2p/presentation/pages/p2p_order_book_page.dart","76","_P2POrderBookPageState","VitHeader","parent_route_only","parent_route_only","snapshot.parentRoute","yes","-","Back goes to an explicit parent route."
"flutter_app/lib/features/p2p/presentation/pages/p2p_order_cancel_page.dart","64","_P2POrderCancelPageState","VitHeader","history_then_fallback","history_then_fallback","AppRoutePaths.p2pOrder(widget.orderId","yes","-","Uses shared back-navigation helper."
"flutter_app/lib/features/p2p/presentation/pages/p2p_order_proof_page.dart","75","_P2POrderProofPageState","VitHeader","history_then_fallback","history_then_fallback","AppRoutePaths.p2pOrder(widget.orderId","yes","-","Uses shared back-navigation helper."
"flutter_app/lib/features/p2p/presentation/pages/p2p_order_rate_page.dart","84","_P2POrderRatePageState","VitHeader","history_then_fallback","history_then_fallback","AppRoutePaths.p2pOrder(widget.orderId)","yes","-","History pop is paired with an explicit fallback route."
"flutter_app/lib/features/p2p/presentation/pages/p2p_order_timeline_page.dart","51","P2POrderTimelinePage","VitHeader","history_then_fallback","history_then_fallback","AppRoutePaths.p2pOrder(orderId","yes","-","Uses shared back-navigation helper."
"flutter_app/lib/features/p2p/presentation/pages/p2p_payment_method_cooling_period_page.dart","56","P2PPaymentMethodCoolingPeriodPage","VitHeader","parent_route_only","parent_route_only","AppRoutePaths.p2pPaymentMethods","no","-","Back goes to an explicit parent route."
"flutter_app/lib/features/p2p/presentation/pages/p2p_payment_method_history_page.dart","52","P2PPaymentMethodHistoryPage","VitHeader","parent_route_only","parent_route_only","AppRoutePaths.p2pPaymentMethods","no","-","Back goes to an explicit parent route."
"flutter_app/lib/features/p2p/presentation/pages/p2p_payment_method_verification_page.dart","86","_P2PPaymentMethodVerificationPageState","VitHeader","parent_route_only","parent_route_only","AppRoutePaths.p2pPaymentMethods","no","-","Back goes to an explicit parent route."
"flutter_app/lib/features/p2p/presentation/pages/p2p_report_merchant_page.dart","86","_P2PReportMerchantPageState","VitHeader","history_then_fallback","history_then_fallback","snapshot.merchantProfileRoute","no","-","History pop is paired with an explicit fallback route."
"flutter_app/lib/features/p2p/presentation/pages/p2p_reviews_page.dart","62","_P2PReviewsPageState","VitHeader","parent_route_only","parent_route_only","AppRoutePaths.p2p","no","-","Back goes to an explicit parent route."
"flutter_app/lib/features/p2p/presentation/pages/p2p_risk_assessment_page.dart","62","P2PRiskAssessmentPage","VitHeader","parent_route_only","parent_route_only","snapshot.parentRoute","no","-","Back goes to an explicit parent route."
"flutter_app/lib/features/p2p/presentation/pages/p2p_security_center_page.dart","74","P2PSecurityCenterPage","VitHeader","parent_route_only","parent_route_only","snapshot.parentRoute","yes","-","Back goes to an explicit parent route."
"flutter_app/lib/features/p2p/presentation/pages/p2p_security_center_page.dart","224","P2PWhitelistModePage","VitHeader","parent_route_only","parent_route_only","'/p2p/security/center'","yes","-","Back goes to an explicit parent route."
"flutter_app/lib/features/p2p/presentation/pages/p2p_settings_page.dart","85","_P2PSettingsPageState","VitHeader","parent_route_only","parent_route_only","snapshot.parentRoute","no","-","Back goes to an explicit parent route."
"flutter_app/lib/features/p2p/presentation/pages/p2p_source_of_funds_page.dart","75","_P2PSourceOfFundsPageState","VitHeader","parent_route_only","parent_route_only","snapshot.parentRoute","no","-","Back goes to an explicit parent route."
"flutter_app/lib/features/p2p/presentation/pages/p2p_tax_reporting_page.dart","93","_P2PTaxReportingPageState","VitHeader","parent_route_only","parent_route_only","snapshot.parentRoute","no","-","Back goes to an explicit parent route."
"flutter_app/lib/features/p2p/presentation/pages/p2p_trading_level_page.dart","51","P2PTradingLevelPage","VitHeader","parent_route_only","parent_route_only","AppRoutePaths.p2p","no","-","Back goes to an explicit parent route."
"flutter_app/lib/features/p2p/presentation/pages/p2p_transaction_limits_page.dart","69","P2PTransactionLimitsPage","VitHeader","parent_route_only","parent_route_only","snapshot.parentRoute","no","-","Back goes to an explicit parent route."
"flutter_app/lib/features/p2p/presentation/pages/p2p_wallet_page.dart","91","_P2PWalletPageState","VitHeader","parent_route_only","parent_route_only","snapshot.parentRoute","no","-","Back goes to an explicit parent route."
"flutter_app/lib/features/p2p/presentation/pages/p2p_wallet_transfer_page.dart","128","_P2PWalletTransferPageState","VitHeader","parent_route_only","parent_route_only","snapshot.parentRoute","no","-","Back goes to an explicit parent route."
"flutter_app/lib/features/p2p/presentation/widgets/p2p_express_page_part_01.dart","49","_P2PExpressPageState","VitHeader","parent_route_only","parent_route_only","AppRoutePaths.p2p","no","-","Back goes to an explicit parent route."
"flutter_app/lib/features/p2p/presentation/widgets/p2p_home_page_part_01.dart","57","_P2PHomePageState","VitTopChrome","parent_route_only","parent_route_only","AppRoutePaths.home","no","-","Back goes to an explicit parent route."
"flutter_app/lib/features/p2p/presentation/widgets/p2p_order_page_part_01.dart","29","_P2POrderPageState","VitHeader","parent_route_only","parent_route_only","AppRoutePaths.p2p","yes","-","Uses shared back-navigation helper."
"flutter_app/lib/features/predictions/presentation/pages/prediction_advanced_chart_page_part_01.dart","59","_PredictionAdvancedChartPageState","VitHeader","parent_route_only","parent_route_only","AppRoutePaths.marketsPredictions","no","-","Back goes to an explicit parent route."
"flutter_app/lib/features/predictions/presentation/pages/prediction_data_integration_page.dart","97","_PredictionDataIntegrationPageState","VitHeader","parent_route_only","parent_route_only","AppRoutePaths.marketsPredictions","no","-","Back goes to an explicit parent route."
"flutter_app/lib/features/predictions/presentation/pages/prediction_event_calendar_page.dart","77","_PredictionEventCalendarPageState","VitTopChrome","parent_route_only","parent_route_only","AppRoutePaths.marketsPredictions","no","-","Back goes to an explicit parent route."
"flutter_app/lib/features/predictions/presentation/pages/prediction_event_detail_page.dart","132","_PredictionEventDetailPageState","VitTopChrome","parent_route_only","parent_route_only","AppRoutePaths.marketsPredictions","no","-","Back goes to an explicit parent route."
"flutter_app/lib/features/predictions/presentation/pages/prediction_market_maker_page.dart","111","_PredictionMarketMakerPageState","VitHeader","parent_route_only","parent_route_only","AppRoutePaths.marketsPredictions","no","-","Back goes to an explicit parent route."
"flutter_app/lib/features/predictions/presentation/pages/prediction_order_receipt_page.dart","65","PredictionOrderReceiptPage","VitTopChrome","parent_route_only","parent_route_only","AppRoutePaths.marketsPredictionsPortfolio","yes","-","Back goes to an explicit parent route."
"flutter_app/lib/features/predictions/presentation/pages/prediction_portfolio_analyzer_page.dart","74","_PredictionPortfolioAnalyzerPageState","VitHeader","parent_route_only","parent_route_only","AppRoutePaths.marketsPredictions","no","-","Back goes to an explicit parent route."
"flutter_app/lib/features/predictions/presentation/pages/prediction_risk_calculator_page.dart","137","_PredictionRiskCalculatorPageState","VitHeader","parent_route_only","parent_route_only","AppRoutePaths.marketsPredictions","no","-","Back goes to an explicit parent route."
"flutter_app/lib/features/predictions/presentation/pages/prediction_social_page.dart","94","_PredictionSocialPageState","VitHeader","parent_route_only","parent_route_only","AppRoutePaths.marketsPredictions","no","-","Back goes to an explicit parent route."
"flutter_app/lib/features/predictions/presentation/pages/prediction_tournaments_page.dart","73","_PredictionTournamentsPageState","VitHeader","parent_route_only","parent_route_only","AppRoutePaths.marketsPredictions","no","-","Back goes to an explicit parent route."
"flutter_app/lib/features/predictions/presentation/pages/predictions_breaking_page.dart","85","_PredictionsBreakingPageState","VitTopChrome","parent_route_only","parent_route_only","AppRoutePaths.marketsPredictions","no","-","Back goes to an explicit parent route."
"flutter_app/lib/features/predictions/presentation/pages/predictions_global_activity_page.dart","71","_PredictionsGlobalActivityPageState","VitHeader","parent_route_only","parent_route_only","AppRoutePaths.marketsPredictions","no","-","Back goes to an explicit parent route."
"flutter_app/lib/features/predictions/presentation/pages/predictions_home_page.dart","106","_PredictionsHomePageState","VitTopChrome","history_then_fallback","history_then_fallback","AppRoutePaths.markets","no","-","Uses shared back-navigation helper."
"flutter_app/lib/features/predictions/presentation/pages/predictions_leaderboard_page.dart","87","_PredictionsLeaderboardPageState","VitHeader","parent_route_only","parent_route_only","AppRoutePaths.marketsPredictions","no","-","Back goes to an explicit parent route."
"flutter_app/lib/features/predictions/presentation/pages/predictions_portfolio_page.dart","84","_PredictionsPortfolioPageState","VitHeader","parent_route_only","parent_route_only","resolvedBackPath","no","-","Uses shared back-navigation helper."
"flutter_app/lib/features/predictions/presentation/pages/predictions_rewards_page.dart","92","_PredictionsRewardsPageState","VitHeader","parent_route_only","parent_route_only","AppRoutePaths.marketsPredictions","no","-","Back goes to an explicit parent route."
"flutter_app/lib/features/predictions/presentation/pages/predictions_search_page.dart","97","_PredictionsSearchPageState","VitTopChrome","parent_route_only","parent_route_only","AppRoutePaths.marketsPredictions","no","-","Back goes to an explicit parent route."
"flutter_app/lib/features/predictions/presentation/widgets/prediction_tournaments_detail.dart","35","PredictionTournamentDetailPage","VitHeader","parent_route_only","parent_route_only","AppRoutePaths.marketsPredictionsTournaments","no","-","Back goes to an explicit parent route."
"flutter_app/lib/features/profile/presentation/pages/activity_log_page.dart","74","_ActivityLogPageState","VitHeader","history_then_fallback","history_then_fallback","AppRoutePaths.profile","no","-","History pop is paired with an explicit fallback route."
"flutter_app/lib/features/profile/presentation/pages/api_key_create_page.dart","102","_ApiKeyCreatePageState","VitHeader","parent_route_only","parent_route_only","AppRoutePaths.profileApi","yes","-","Uses shared back-navigation helper."
"flutter_app/lib/features/profile/presentation/pages/api_management_page.dart","80","_ApiManagementPageState","VitHeader","parent_route_only","parent_route_only","AppRoutePaths.profile","no","-","Uses shared back-navigation helper."
"flutter_app/lib/features/profile/presentation/pages/device_management_page.dart","82","_DeviceManagementPageState","VitHeader","history_then_fallback","history_then_fallback","AppRoutePaths.profile","no","-","History pop is paired with an explicit fallback route."
"flutter_app/lib/features/profile/presentation/pages/edit_profile_page.dart","78","_EditProfilePageState","VitHeader","history_then_fallback","history_then_fallback","AppRoutePaths.profile","no","-","History pop is paired with an explicit fallback route."
"flutter_app/lib/features/profile/presentation/pages/kyc_page.dart","70","_KYCPageState","VitHeader","parent_route_only","parent_route_only","AppRoutePaths.profile","yes","-","Uses shared back-navigation helper."
"flutter_app/lib/features/profile/presentation/pages/security_page.dart","112","_SecurityPageState","VitHeader","parent_route_only","parent_route_only","fallback","yes","-","Uses shared back-navigation helper."
"flutter_app/lib/features/profile/presentation/pages/settings_page.dart","63","_SettingsPageState","VitHeader","history_then_fallback","history_then_fallback","AppRoutePaths.profile","no","-","History pop is paired with an explicit fallback route."
"flutter_app/lib/features/profile/presentation/pages/sub_account_page.dart","72","_SubAccountPageState","VitHeader","history_then_fallback","history_then_fallback","AppRoutePaths.profile","no","-","History pop is paired with an explicit fallback route."
"flutter_app/lib/features/profile/presentation/pages/vip_page.dart","77","_VIPPageState","VitHeader","history_then_fallback","history_then_fallback","AppRoutePaths.profile","no","-","History pop is paired with an explicit fallback route."
"flutter_app/lib/features/referral/presentation/pages/referral_friend_detail_page.dart","34","ReferralFriendDetailPage","VitHeader","parent_route_only","parent_route_only","snapshot.backRoute","no","-","Back goes to an explicit parent route."
"flutter_app/lib/features/referral/presentation/pages/referral_history_page.dart","82","_ReferralHistoryPageState","VitHeader","parent_route_only","parent_route_only","snapshot.backRoute","no","-","Back goes to an explicit parent route."
"flutter_app/lib/features/referral/presentation/pages/referral_home_page.dart","82","_ReferralHomePageState","VitHeader","parent_route_only","parent_route_only","snapshot.backRoute","no","-","Back goes to an explicit parent route."
"flutter_app/lib/features/referral/presentation/pages/referral_rewards_page_part_01.dart","25","_ReferralRewardsPageState","VitHeader","parent_route_only","parent_route_only","snapshot.backRoute","no","-","Back goes to an explicit parent route."
"flutter_app/lib/features/referral/presentation/pages/referral_rules_page.dart","66","_ReferralRulesPageState","VitHeader","parent_route_only","parent_route_only","snapshot.backRoute","no","-","Back goes to an explicit parent route."
"flutter_app/lib/features/rewards/presentation/pages/rewards_hub_page_part_01.dart","40","_RewardsHubPageState","VitHeader","history_then_fallback","history_then_fallback","backRoute","no","-","History pop is paired with an explicit fallback route."
"flutter_app/lib/features/support/presentation/pages/announcements_page.dart","79","_AnnouncementsPageState","VitHeader","parent_route_only","parent_route_only","snapshot.backRoute","no","-","Back goes to an explicit parent route."
"flutter_app/lib/features/support/presentation/pages/help_center_page.dart","86","_HelpCenterPageState","VitHeader","parent_route_only","parent_route_only","snapshot.backRoute","no","-","Back goes to an explicit parent route."
"flutter_app/lib/features/support/presentation/pages/support_page.dart","91","_SupportPageState","VitHeader","parent_route_only","parent_route_only","-","no","-","Back goes to an explicit parent route."
"flutter_app/lib/features/trade/presentation/pages/advanced_analytics_page_part_01.dart","24","_AdvancedAnalyticsPageState","VitHeader","parent_route_only","parent_route_only","AppRoutePaths.tradeMargin","no","-","Back goes to an explicit parent route."
"flutter_app/lib/features/trade/presentation/pages/advanced_tools_demo_page.dart","81","_AdvancedToolsDemoPageState","VitHeader","parent_route_only","parent_route_only","AppRoutePaths.trade","no","-","Back goes to an explicit parent route."
"flutter_app/lib/features/trade/presentation/pages/advanced_trading_demo_page.dart","75","_AdvancedTradingDemoPageState","VitHeader","parent_route_only","parent_route_only","AppRoutePaths.tradeMargin","no","-","Back goes to an explicit parent route."
"flutter_app/lib/features/trade/presentation/pages/bot_backtesting_page.dart","89","_BotBacktestingPageState","VitHeader","parent_route_only","parent_route_only","AppRoutePaths.tradeBots","no","-","Back goes to an explicit parent route."
"flutter_app/lib/features/trade/presentation/pages/bot_emergency_stop_page.dart","77","_BotEmergencyStopPageState","VitHeader","parent_route_only","parent_route_only","AppRoutePaths.tradeBots","no","-","Back goes to an explicit parent route."
"flutter_app/lib/features/trade/presentation/pages/bot_optimization_page.dart","69","_BotOptimizationPageState","VitHeader","parent_route_only","parent_route_only","AppRoutePaths.tradeBots","no","-","Back goes to an explicit parent route."
"flutter_app/lib/features/trade/presentation/pages/bot_tax_reporting_page.dart","89","_BotTaxReportingPageState","VitHeader","parent_route_only","parent_route_only","AppRoutePaths.tradeBots","no","-","Back goes to an explicit parent route."
"flutter_app/lib/features/trade/presentation/pages/copy_configuration_page.dart","123","_CopyConfigurationPageState","VitHeader","parent_route_only","parent_route_only","resolvedBackPath","yes","-","Uses shared back-navigation helper."
"flutter_app/lib/features/trade/presentation/pages/copy_confirmation_page.dart","85","_CopyConfirmationPageState","VitHeader","parent_route_only","parent_route_only","-","yes","-","Back goes to an explicit parent route."
"flutter_app/lib/features/trade/presentation/pages/copy_trading_card_demo.dart","53","CopyTradingCardDemo","VitHeader","parent_route_only","parent_route_only","snapshot.backRoute","no","-","Back goes to an explicit parent route."
"flutter_app/lib/features/trade/presentation/pages/execution_quality_demo_page.dart","78","_ExecutionQualityDemoPageState","VitHeader","parent_route_only","parent_route_only","AppRoutePaths.trade","no","-","Back goes to an explicit parent route."
"flutter_app/lib/features/trade/presentation/pages/live_market_data_analytics_page.dart","52","_LiveMarketDataAnalyticsPageState","VitHeader","parent_route_only","parent_route_only","AppRoutePaths.tradeMargin","no","-","Back goes to an explicit parent route."
"flutter_app/lib/features/trade/presentation/pages/market_data_analytics_page_part_01.dart","24","_MarketDataAnalyticsPageState","VitHeader","parent_route_only","parent_route_only","AppRoutePaths.tradeMargin","no","-","Back goes to an explicit parent route."
"flutter_app/lib/features/trade/presentation/pages/order_receipt_page.dart","76","_OrderReceiptPageState","VitHeader","parent_route_only","parent_route_only","AppRoutePaths.trade","yes","-","Uses shared back-navigation helper."
"flutter_app/lib/features/trade/presentation/pages/provider_application_page.dart","101","_ProviderApplicationPageState","VitHeader","parent_route_only","parent_route_only","AppRoutePaths.tradeCopyTrading","no","-","Back goes to an explicit parent route."
"flutter_app/lib/features/trade/presentation/pages/risk_management_demo_page.dart","80","_RiskManagementDemoPageState","VitHeader","parent_route_only","parent_route_only","AppRoutePaths.trade","no","-","Back goes to an explicit parent route."
"flutter_app/lib/features/trade/presentation/pages/trade_history_export_page.dart","95","_TradeHistoryExportPageState","VitHeader","parent_route_only","parent_route_only","AppRoutePaths.trade","no","-","Back goes to an explicit parent route."
"flutter_app/lib/features/wallet/presentation/pages/address_add_page.dart","97","_AddressAddPageState","VitHeader","parent_route_only","parent_route_only","AppRoutePaths.walletAddressBook","yes","-","Uses shared back-navigation helper."
"flutter_app/lib/features/wallet/presentation/pages/address_book_page.dart","87","_AddressBookPageState","VitHeader","parent_route_only","parent_route_only","AppRoutePaths.wallet","no","-","Back goes to an explicit parent route."
"flutter_app/lib/features/wallet/presentation/pages/asset_detail_page.dart","68","_AssetDetailPageState","VitTopChrome","parent_route_only","parent_route_only","AppRoutePaths.wallet","no","-","Back goes to an explicit parent route."
"flutter_app/lib/features/wallet/presentation/pages/network_status_page.dart","136","_NetworkStatusPageState","VitHeader","parent_route_only","parent_route_only","AppRoutePaths.wallet","no","-","Back goes to an explicit parent route."
"flutter_app/lib/features/wallet/presentation/pages/pending_deposits_page.dart","76","_PendingDepositsPageState","VitHeader","parent_route_only","parent_route_only","AppRoutePaths.wallet","no","-","Back goes to an explicit parent route."
"flutter_app/lib/features/wallet/presentation/pages/portfolio_analytics_page.dart","70","_PortfolioAnalyticsPageState","VitTopChrome","parent_route_only","parent_route_only","AppRoutePaths.wallet","no","-","Back goes to an explicit parent route."
"flutter_app/lib/features/wallet/presentation/pages/transaction_history_page.dart","68","_TransactionHistoryPageState","VitTopChrome","parent_route_only","parent_route_only","AppRoutePaths.wallet","no","-","Back goes to an explicit parent route."
"flutter_app/lib/features/wallet/presentation/pages/wallet_gas_optimizer_page.dart","80","_WalletGasOptimizerPageState","VitHeader","parent_route_only","parent_route_only","AppRoutePaths.wallet","no","-","Back goes to an explicit parent route."
"flutter_app/lib/features/wallet/presentation/pages/wallet_multi_manager_page.dart","72","_WalletMultiManagerPageState","VitTopChrome","parent_route_only","parent_route_only","AppRoutePaths.wallet","no","-","Back goes to an explicit parent route."
"flutter_app/lib/features/wallet/presentation/pages/wallet_token_approval_page.dart","67","_WalletTokenApprovalPageState","VitHeader","parent_route_only","parent_route_only","AppRoutePaths.wallet","yes","-","Uses shared back-navigation helper."
"flutter_app/lib/features/wallet/presentation/pages/withdraw_limits_page.dart","61","WithdrawLimitsPage","VitHeader","parent_route_only","parent_route_only","AppRoutePaths.wallet","yes","-","Back goes to an explicit parent route."
"flutter_app/lib/features/wallet/presentation/widgets/wallet_address_add_preview.dart","124","AddressSavedState","VitHeader","parent_route_only","delegated_by_owner","delegated_callback","yes","-","Reusable widget receives an owner-provided back callback."
"flutter_app/lib/features/wallet/presentation/widgets/wallet_health_score_page_shell.dart","21","_WalletHealthScorePageState","VitHeader","parent_route_only","parent_route_only","AppRoutePaths.wallet","no","-","Back goes to an explicit parent route."
