module,file,constant_name,value,core_token
arena,flutter_app/lib/app/theme/spacing/arena_spacing_tokens.dart,arenaCreatorAvatarGlyph,34,AppSpacing.x6
arena,flutter_app/lib/app/theme/spacing/arena_spacing_tokens.dart,arenaGovernancePillPadV,3,AppSpacing.x1
arena,flutter_app/lib/app/theme/spacing/arena_spacing_tokens.dart,arenaGuideSmallBadgePadV,3,AppSpacing.x1
arena,flutter_app/lib/app/theme/spacing/arena_spacing_tokens.dart,arenaHomeQuickChipIcon,13,AppSpacing.x4
arena,flutter_app/lib/app/theme/spacing/arena_spacing_tokens.dart,arenaModeCreatorIcon,34,AppSpacing.x6
auth,flutter_app/lib/app/theme/spacing/auth_spacing_tokens.dart,authHeroIconMd,34,AppSpacing.x6
auth,flutter_app/lib/app/theme/spacing/auth_spacing_tokens.dart,authLogoElevation,8,AppSpacing.x3
auth,flutter_app/lib/app/theme/spacing/auth_spacing_tokens.dart,authTextLetterSpacing,8,AppSpacing.x3
earn,flutter_app/lib/app/theme/spacing/earn_spacing_tokens.dart,earnWithdrawalBulletSize,5,AppSpacing.x2
earn,flutter_app/lib/app/theme/spacing/earn_spacing_tokens.dart,earnWithdrawalProcessIcon,21,AppSpacing.x5
earn,flutter_app/lib/app/theme/spacing/earn_spacing_tokens.dart,savingsWhatIfAssetFontSize,8,AppSpacing.x3
home,flutter_app/lib/app/theme/spacing/home_spacing_tokens.dart,homeActionRowGap,8,AppSpacing.x3
home,flutter_app/lib/app/theme/spacing/home_spacing_tokens.dart,homeAnnouncementDotRadius,3,AppSpacing.x1
home,flutter_app/lib/app/theme/spacing/home_spacing_tokens.dart,homeScrollShowThreshold,8,AppSpacing.x3
markets,flutter_app/lib/app/theme/spacing/markets_spacing_tokens.dart,comparisonToolDistributionLegendRunGap,8,AppSpacing.x3
markets,flutter_app/lib/app/theme/spacing/markets_spacing_tokens.dart,comparisonToolMarketCapRowGap,5,AppSpacing.x2
markets,flutter_app/lib/app/theme/spacing/markets_spacing_tokens.dart,comparisonToolPickerQuickGap,8,AppSpacing.x3
markets,flutter_app/lib/app/theme/spacing/markets_spacing_tokens.dart,comparisonToolPickerQuickHeight,34,AppSpacing.x6
markets,flutter_app/lib/app/theme/spacing/markets_spacing_tokens.dart,comparisonToolPickerSearchIconGap,8,AppSpacing.x3
markets,flutter_app/lib/app/theme/spacing/markets_spacing_tokens.dart,comparisonToolRemoveGap,8,AppSpacing.x3
markets,flutter_app/lib/app/theme/spacing/markets_spacing_tokens.dart,comparisonToolTokenMetricGap,5,AppSpacing.x2
markets,flutter_app/lib/app/theme/spacing/markets_spacing_tokens.dart,marketAdvancedSignalAccentWidth,3,AppSpacing.x1
markets,flutter_app/lib/app/theme/spacing/markets_spacing_tokens.dart,marketAdvancedSignalBarHeight,8,AppSpacing.x3
markets,flutter_app/lib/app/theme/spacing/markets_spacing_tokens.dart,marketAnalyticsBreadthDot,8,AppSpacing.x3
markets,flutter_app/lib/app/theme/spacing/markets_spacing_tokens.dart,marketAnalyticsCompactGap,8,AppSpacing.x3
markets,flutter_app/lib/app/theme/spacing/markets_spacing_tokens.dart,marketAnalyticsFooterGap,13,AppSpacing.x4
markets,flutter_app/lib/app/theme/spacing/markets_spacing_tokens.dart,marketAnalyticsTinyGap,3,AppSpacing.x1
markets,flutter_app/lib/app/theme/spacing/markets_spacing_tokens.dart,marketCalendarDateHeaderGap,8,AppSpacing.x3
markets,flutter_app/lib/app/theme/spacing/markets_spacing_tokens.dart,marketCalendarEventCountdownGap,8,AppSpacing.x3
markets,flutter_app/lib/app/theme/spacing/markets_spacing_tokens.dart,marketCalendarEventMetaGap,8,AppSpacing.x3
markets,flutter_app/lib/app/theme/spacing/markets_spacing_tokens.dart,marketCalendarEventSourceGap,8,AppSpacing.x3
markets,flutter_app/lib/app/theme/spacing/markets_spacing_tokens.dart,marketCalendarEventTimeGap,5,AppSpacing.x2
markets,flutter_app/lib/app/theme/spacing/markets_spacing_tokens.dart,marketCalendarEventTimeIcon,13,AppSpacing.x4
markets,flutter_app/lib/app/theme/spacing/markets_spacing_tokens.dart,marketCalendarFilterGap,8,AppSpacing.x3
markets,flutter_app/lib/app/theme/spacing/markets_spacing_tokens.dart,marketCalendarGroupGap,8,AppSpacing.x3
markets,flutter_app/lib/app/theme/spacing/markets_spacing_tokens.dart,marketCalendarLegendDot,8,AppSpacing.x3
markets,flutter_app/lib/app/theme/spacing/markets_spacing_tokens.dart,marketCalendarLegendGap,5,AppSpacing.x2
markets,flutter_app/lib/app/theme/spacing/markets_spacing_tokens.dart,marketCalendarLegendRunSpacing,8,AppSpacing.x3
markets,flutter_app/lib/app/theme/spacing/markets_spacing_tokens.dart,marketCalendarMiniStatValueGap,8,AppSpacing.x3
markets,flutter_app/lib/app/theme/spacing/markets_spacing_tokens.dart,marketCalendarStatsGap,8,AppSpacing.x3
markets,flutter_app/lib/app/theme/spacing/markets_spacing_tokens.dart,marketCorrelationsAssetDotGap,5,AppSpacing.x2
markets,flutter_app/lib/app/theme/spacing/markets_spacing_tokens.dart,marketCorrelationsChipGap,8,AppSpacing.x3
markets,flutter_app/lib/app/theme/spacing/markets_spacing_tokens.dart,marketCorrelationsDisclaimerIconGap,8,AppSpacing.x3
markets,flutter_app/lib/app/theme/spacing/markets_spacing_tokens.dart,marketCorrelationsHeroMetaGap,8,AppSpacing.x3
markets,flutter_app/lib/app/theme/spacing/markets_spacing_tokens.dart,marketCorrelationsHeroProgressHeight,8,AppSpacing.x3
markets,flutter_app/lib/app/theme/spacing/markets_spacing_tokens.dart,marketCorrelationsHeroScaleGap,5,AppSpacing.x2
markets,flutter_app/lib/app/theme/spacing/markets_spacing_tokens.dart,marketCorrelationsInfoTitleGap,3,AppSpacing.x1
markets,flutter_app/lib/app/theme/spacing/markets_spacing_tokens.dart,marketCorrelationsMetricValueGap,5,AppSpacing.x2
markets,flutter_app/lib/app/theme/spacing/markets_spacing_tokens.dart,marketCorrelationsRecommendationTitleGap,5,AppSpacing.x2
markets,flutter_app/lib/app/theme/spacing/markets_spacing_tokens.dart,marketCorrelationsScoreBarHeight,8,AppSpacing.x3
markets,flutter_app/lib/app/theme/spacing/markets_spacing_tokens.dart,marketDepthPainterDashGap,8,AppSpacing.x3
markets,flutter_app/lib/app/theme/spacing/markets_spacing_tokens.dart,marketDepthPainterPadding,8,AppSpacing.x3
markets,flutter_app/lib/app/theme/spacing/markets_spacing_tokens.dart,marketDepthRatioBarHeight,21,AppSpacing.x5
markets,flutter_app/lib/app/theme/spacing/markets_spacing_tokens.dart,marketDerivativesHeroDeltaBottom,5,AppSpacing.x2
markets,flutter_app/lib/app/theme/spacing/markets_spacing_tokens.dart,marketDerivativesMetricGap,3,AppSpacing.x1
markets,flutter_app/lib/app/theme/spacing/markets_spacing_tokens.dart,marketDerivativesPairAvatarMd,34,AppSpacing.x6
markets,flutter_app/lib/app/theme/spacing/markets_spacing_tokens.dart,marketDerivativesSortGap,8,AppSpacing.x3
markets,flutter_app/lib/app/theme/spacing/markets_spacing_tokens.dart,marketDerivativesStatGridGap,8,AppSpacing.x3
markets,flutter_app/lib/app/theme/spacing/markets_spacing_tokens.dart,marketDerivativesSummaryLabelGap,8,AppSpacing.x3
markets,flutter_app/lib/app/theme/spacing/markets_spacing_tokens.dart,marketDerivativesTimelineItemGap,8,AppSpacing.x3
markets,flutter_app/lib/app/theme/spacing/markets_spacing_tokens.dart,marketDerivativesTimelineTimeGap,8,AppSpacing.x3
markets,flutter_app/lib/app/theme/spacing/markets_spacing_tokens.dart,marketDiscoverLabelGap,8,AppSpacing.x3
markets,flutter_app/lib/app/theme/spacing/markets_spacing_tokens.dart,marketDiscoverSubtitleGap,5,AppSpacing.x2
markets,flutter_app/lib/app/theme/spacing/markets_spacing_tokens.dart,marketFilterChipMinHeight,34,AppSpacing.x6
markets,flutter_app/lib/app/theme/spacing/markets_spacing_tokens.dart,marketFilterGap,8,AppSpacing.x3
markets,flutter_app/lib/app/theme/spacing/markets_spacing_tokens.dart,marketHeatmapFilterHeight,34,AppSpacing.x6
markets,flutter_app/lib/app/theme/spacing/markets_spacing_tokens.dart,marketMoverIdentityBadgeGap,5,AppSpacing.x2
markets,flutter_app/lib/app/theme/spacing/markets_spacing_tokens.dart,marketMoverRowGap,8,AppSpacing.x3
markets,flutter_app/lib/app/theme/spacing/markets_spacing_tokens.dart,marketNewsBreakingDot,8,AppSpacing.x3
markets,flutter_app/lib/app/theme/spacing/markets_spacing_tokens.dart,marketNewsBreakingTokenGap,8,AppSpacing.x3
markets,flutter_app/lib/app/theme/spacing/markets_spacing_tokens.dart,marketNewsCardIconGlyph,21,AppSpacing.x5
markets,flutter_app/lib/app/theme/spacing/markets_spacing_tokens.dart,marketNewsCardTagGap,5,AppSpacing.x2
markets,flutter_app/lib/app/theme/spacing/markets_spacing_tokens.dart,marketNewsExpandedTokenGap,8,AppSpacing.x3
markets,flutter_app/lib/app/theme/spacing/markets_spacing_tokens.dart,marketNewsFilterGap,8,AppSpacing.x3
markets,flutter_app/lib/app/theme/spacing/markets_spacing_tokens.dart,marketNewsSaveGap,8,AppSpacing.x3
markets,flutter_app/lib/app/theme/spacing/markets_spacing_tokens.dart,marketNewsSentimentIconGap,5,AppSpacing.x2
markets,flutter_app/lib/app/theme/spacing/markets_spacing_tokens.dart,marketNewsTagIcon,8,AppSpacing.x3
markets,flutter_app/lib/app/theme/spacing/markets_spacing_tokens.dart,marketOverviewMoverPriceWidth,34,AppSpacing.x6
markets,flutter_app/lib/app/theme/spacing/markets_spacing_tokens.dart,marketPairAvatar,34,AppSpacing.x6
markets,flutter_app/lib/app/theme/spacing/markets_spacing_tokens.dart,marketPairFavoriteGap,8,AppSpacing.x3
markets,flutter_app/lib/app/theme/spacing/markets_spacing_tokens.dart,marketPairPriceGap,5,AppSpacing.x2
markets,flutter_app/lib/app/theme/spacing/markets_spacing_tokens.dart,marketScreenerAdvancedCategoryGap,8,AppSpacing.x3
markets,flutter_app/lib/app/theme/spacing/markets_spacing_tokens.dart,marketScreenerCategoryChipHeight,34,AppSpacing.x6
markets,flutter_app/lib/app/theme/spacing/markets_spacing_tokens.dart,marketScreenerPresetGap,8,AppSpacing.x3
markets,flutter_app/lib/app/theme/spacing/markets_spacing_tokens.dart,marketScreenerPresetIconGap,8,AppSpacing.x3
markets,flutter_app/lib/app/theme/spacing/markets_spacing_tokens.dart,marketScreenerTextGap,5,AppSpacing.x2
markets,flutter_app/lib/app/theme/spacing/markets_spacing_tokens.dart,marketScreenerTrendGap,3,AppSpacing.x1
markets,flutter_app/lib/app/theme/spacing/markets_spacing_tokens.dart,marketSectorCardIconGlyph,21,AppSpacing.x5
markets,flutter_app/lib/app/theme/spacing/markets_spacing_tokens.dart,marketSectorChipGap,8,AppSpacing.x3
markets,flutter_app/lib/app/theme/spacing/markets_spacing_tokens.dart,marketSectorComparisonMarker,8,AppSpacing.x3
markets,flutter_app/lib/app/theme/spacing/markets_spacing_tokens.dart,marketSectorComparisonMarkerGap,8,AppSpacing.x3
markets,flutter_app/lib/app/theme/spacing/markets_spacing_tokens.dart,marketSectorComparisonRowHeight,34,AppSpacing.x6
markets,flutter_app/lib/app/theme/spacing/markets_spacing_tokens.dart,marketSectorControlChipGap,8,AppSpacing.x3
markets,flutter_app/lib/app/theme/spacing/markets_spacing_tokens.dart,marketSectorLegendDot,8,AppSpacing.x3
markets,flutter_app/lib/app/theme/spacing/markets_spacing_tokens.dart,marketSectorLegendGap,5,AppSpacing.x2
markets,flutter_app/lib/app/theme/spacing/markets_spacing_tokens.dart,marketSocialCategoryHeight,34,AppSpacing.x6
markets,flutter_app/lib/app/theme/spacing/markets_spacing_tokens.dart,marketSocialGap,8,AppSpacing.x3
markets,flutter_app/lib/app/theme/spacing/markets_spacing_tokens.dart,marketSocialSectionBarWidth,3,AppSpacing.x1
markets,flutter_app/lib/app/theme/spacing/markets_spacing_tokens.dart,marketToolGap,8,AppSpacing.x3
markets,flutter_app/lib/app/theme/spacing/markets_spacing_tokens.dart,marketToolHeight,34,AppSpacing.x6
markets,flutter_app/lib/app/theme/spacing/markets_spacing_tokens.dart,pairHeaderChevronGap,5,AppSpacing.x2
markets,flutter_app/lib/app/theme/spacing/markets_spacing_tokens.dart,pairHeaderTrailingGap,8,AppSpacing.x3
markets,flutter_app/lib/app/theme/spacing/markets_spacing_tokens.dart,pairIndicatorGap,8,AppSpacing.x3
markets,flutter_app/lib/app/theme/spacing/markets_spacing_tokens.dart,pairTradeButtonHeight,55,AppSpacing.x7
markets,flutter_app/lib/app/theme/spacing/markets_spacing_tokens.dart,pairViewTabGap,8,AppSpacing.x3
markets,flutter_app/lib/app/theme/spacing/markets_spacing_tokens.dart,portfolioTrackerAllocationDonutInset,8,AppSpacing.x3
markets,flutter_app/lib/app/theme/spacing/markets_spacing_tokens.dart,portfolioTrackerChipGap,8,AppSpacing.x3
markets,flutter_app/lib/app/theme/spacing/markets_spacing_tokens.dart,portfolioTrackerHeroPnlIconGap,8,AppSpacing.x3
markets,flutter_app/lib/app/theme/spacing/markets_spacing_tokens.dart,portfolioTrackerHoldingSparklineGap,8,AppSpacing.x3
markets,flutter_app/lib/app/theme/spacing/markets_spacing_tokens.dart,portfolioTrackerLegendGap,8,AppSpacing.x3
markets,flutter_app/lib/app/theme/spacing/markets_spacing_tokens.dart,portfolioTrackerMiniStatValueGap,5,AppSpacing.x2
markets,flutter_app/lib/app/theme/spacing/markets_spacing_tokens.dart,portfolioTrackerPerformanceTopPadding,8,AppSpacing.x3
markets,flutter_app/lib/app/theme/spacing/markets_spacing_tokens.dart,portfolioTrackerQuickStatGap,8,AppSpacing.x3
markets,flutter_app/lib/app/theme/spacing/markets_spacing_tokens.dart,portfolioTrackerRiskCopyGap,8,AppSpacing.x3
markets,flutter_app/lib/app/theme/spacing/markets_spacing_tokens.dart,portfolioTrackerRiskProgressHeight,5,AppSpacing.x2
markets,flutter_app/lib/app/theme/spacing/markets_spacing_tokens.dart,portfolioTrackerRiskProgressLabelGap,5,AppSpacing.x2
markets,flutter_app/lib/app/theme/spacing/markets_spacing_tokens.dart,portfolioTrackerSummaryGap,8,AppSpacing.x3
markets,flutter_app/lib/app/theme/spacing/markets_spacing_tokens.dart,priceAlertsActionGap,8,AppSpacing.x3
markets,flutter_app/lib/app/theme/spacing/markets_spacing_tokens.dart,priceAlertsAddGap,8,AppSpacing.x3
markets,flutter_app/lib/app/theme/spacing/markets_spacing_tokens.dart,priceAlertsEmptyIcon,34,AppSpacing.x6
markets,flutter_app/lib/app/theme/spacing/markets_spacing_tokens.dart,priceAlertsFilterGap,8,AppSpacing.x3
markets,flutter_app/lib/app/theme/spacing/markets_spacing_tokens.dart,priceAlertsSectionGap,13,AppSpacing.x4
markets,flutter_app/lib/app/theme/spacing/markets_spacing_tokens.dart,priceAlertsToggleIcon,34,AppSpacing.x6
markets,flutter_app/lib/app/theme/spacing/markets_spacing_tokens.dart,priceAlertsTriggeredGap,13,AppSpacing.x4
markets,flutter_app/lib/app/theme/spacing/markets_spacing_tokens.dart,socialSentimentHeroGaugeHeight,8,AppSpacing.x3
markets,flutter_app/lib/app/theme/spacing/markets_spacing_tokens.dart,socialSentimentLeaderboardGap,8,AppSpacing.x3
markets,flutter_app/lib/app/theme/spacing/markets_spacing_tokens.dart,socialSentimentSortGap,8,AppSpacing.x3
markets,flutter_app/lib/app/theme/spacing/markets_spacing_tokens.dart,socialSentimentStatGap,8,AppSpacing.x3
markets,flutter_app/lib/app/theme/spacing/markets_spacing_tokens.dart,socialSentimentStatValueGap,8,AppSpacing.x3
markets,flutter_app/lib/app/theme/spacing/markets_spacing_tokens.dart,socialSentimentStatusShadowBlur,8,AppSpacing.x3
markets,flutter_app/lib/app/theme/spacing/markets_spacing_tokens.dart,socialSentimentTimelineRowGap,3,AppSpacing.x1
markets,flutter_app/lib/app/theme/spacing/markets_spacing_tokens.dart,socialSentimentTimelineTimeGap,8,AppSpacing.x3
markets,flutter_app/lib/app/theme/spacing/markets_spacing_tokens.dart,socialSentimentTopicGap,8,AppSpacing.x3
markets,flutter_app/lib/app/theme/spacing/markets_spacing_tokens.dart,socialSentimentVelocityBarHeight,5,AppSpacing.x2
markets,flutter_app/lib/app/theme/spacing/markets_spacing_tokens.dart,tokenInfoDisclaimerIconGap,8,AppSpacing.x3
markets,flutter_app/lib/app/theme/spacing/markets_spacing_tokens.dart,tokenInfoDistributionDotGap,8,AppSpacing.x3
markets,flutter_app/lib/app/theme/spacing/markets_spacing_tokens.dart,tokenInfoInfoIcon,13,AppSpacing.x4
markets,flutter_app/lib/app/theme/spacing/markets_spacing_tokens.dart,tokenInfoOnchainIconGap,8,AppSpacing.x3
markets,flutter_app/lib/app/theme/spacing/markets_spacing_tokens.dart,tokenInfoProjectLinkGap,8,AppSpacing.x3
markets,flutter_app/lib/app/theme/spacing/markets_spacing_tokens.dart,tokenInfoRecordDeltaGap,8,AppSpacing.x3
markets,flutter_app/lib/app/theme/spacing/markets_spacing_tokens.dart,tokenInfoRecordIcon,13,AppSpacing.x4
markets,flutter_app/lib/app/theme/spacing/markets_spacing_tokens.dart,tokenInfoSupplyProgressGap,8,AppSpacing.x3
markets,flutter_app/lib/app/theme/spacing/markets_spacing_tokens.dart,tokenUnlocksCategoryDotGap,8,AppSpacing.x3
markets,flutter_app/lib/app/theme/spacing/markets_spacing_tokens.dart,tokenUnlocksCategoryProgressHeight,5,AppSpacing.x2
markets,flutter_app/lib/app/theme/spacing/markets_spacing_tokens.dart,tokenUnlocksEmptyIcon,34,AppSpacing.x6
markets,flutter_app/lib/app/theme/spacing/markets_spacing_tokens.dart,tokenUnlocksImpactStatGap,8,AppSpacing.x3
markets,flutter_app/lib/app/theme/spacing/markets_spacing_tokens.dart,tokenUnlocksPriceWarningIconGap,8,AppSpacing.x3
markets,flutter_app/lib/app/theme/spacing/markets_spacing_tokens.dart,tokenUnlocksScheduleGap,8,AppSpacing.x3
markets,flutter_app/lib/app/theme/spacing/markets_spacing_tokens.dart,tokenUnlocksSectionBarWidth,3,AppSpacing.x1
markets,flutter_app/lib/app/theme/spacing/markets_spacing_tokens.dart,tokenUnlocksSectionHeaderGap,8,AppSpacing.x3
markets,flutter_app/lib/app/theme/spacing/markets_spacing_tokens.dart,tokenUnlocksVestingBottomGap,13,AppSpacing.x4
markets,flutter_app/lib/app/theme/spacing/markets_spacing_tokens.dart,tokenUnlocksWarningTitleGap,3,AppSpacing.x1
markets,flutter_app/lib/app/theme/spacing/markets_spacing_tokens.dart,watchlistActionGap,8,AppSpacing.x3
markets,flutter_app/lib/app/theme/spacing/markets_spacing_tokens.dart,watchlistStatGap,5,AppSpacing.x2
markets,flutter_app/lib/app/theme/spacing/markets_spacing_tokens.dart,watchlistTinyGap,3,AppSpacing.x1
news,flutter_app/lib/app/theme/spacing/news_spacing_tokens.dart,newsSheetCalendarIconSize,13,AppSpacing.x4
p2p,flutter_app/lib/app/theme/spacing/p2p_spacing_tokens.dart,p2pBlacklistAvatarBadgeIcon,8,AppSpacing.x3
p2p,flutter_app/lib/app/theme/spacing/p2p_spacing_tokens.dart,p2pChatCloseIcon,13,AppSpacing.x4
p2p,flutter_app/lib/app/theme/spacing/p2p_spacing_tokens.dart,p2pComplianceChecklistIcon,13,AppSpacing.x4
p2p,flutter_app/lib/app/theme/spacing/p2p_spacing_tokens.dart,p2pDocumentTinyIcon,13,AppSpacing.x4
p2p,flutter_app/lib/app/theme/spacing/p2p_spacing_tokens.dart,p2pFraudDetailIcon,13,AppSpacing.x4
p2p,flutter_app/lib/app/theme/spacing/p2p_spacing_tokens.dart,p2pHomeVerifiedIcon,13,AppSpacing.x4
p2p,flutter_app/lib/app/theme/spacing/p2p_spacing_tokens.dart,p2pInsuranceScoreFactorIconBox,34,AppSpacing.x6
p2p,flutter_app/lib/app/theme/spacing/p2p_spacing_tokens.dart,p2pInsuranceScoreProgressHeight,5,AppSpacing.x2
p2p,flutter_app/lib/app/theme/spacing/p2p_spacing_tokens.dart,p2pInsuranceScoreRingStroke,8,AppSpacing.x3
p2p,flutter_app/lib/app/theme/spacing/p2p_spacing_tokens.dart,p2pMerchantCommerceSmallIcon,13,AppSpacing.x4
p2p,flutter_app/lib/app/theme/spacing/p2p_spacing_tokens.dart,p2pOrderSmallButtonIcon,13,AppSpacing.x4
p2p,flutter_app/lib/app/theme/spacing/p2p_spacing_tokens.dart,p2pPaymentVerifiedIcon,13,AppSpacing.x4
p2p,flutter_app/lib/app/theme/spacing/p2p_spacing_tokens.dart,p2pSecurityDetailsBullet,5,AppSpacing.x2
p2p,flutter_app/lib/app/theme/spacing/p2p_spacing_tokens.dart,p2pSecurityDetailsCheckIcon,13,AppSpacing.x4
p2p,flutter_app/lib/app/theme/spacing/p2p_spacing_tokens.dart,p2pTrustProgressIcon,21,AppSpacing.x5
p2p,flutter_app/lib/app/theme/spacing/p2p_spacing_tokens.dart,p2pTrustProgressTourStepHeight,3,AppSpacing.x1
predictions,flutter_app/lib/app/theme/spacing/predictions_spacing_tokens.dart,predictionActivityActorRunSpacing,3,AppSpacing.x1
predictions,flutter_app/lib/app/theme/spacing/predictions_spacing_tokens.dart,predictionActivityActorSpacing,5,AppSpacing.x2
predictions,flutter_app/lib/app/theme/spacing/predictions_spacing_tokens.dart,predictionActivityFilterIcon,13,AppSpacing.x4
predictions,flutter_app/lib/app/theme/spacing/predictions_spacing_tokens.dart,predictionActivityStatHeight,55,AppSpacing.x7
predictions,flutter_app/lib/app/theme/spacing/predictions_spacing_tokens.dart,predictionAdvancedLevelValueGap,5,AppSpacing.x2
predictions,flutter_app/lib/app/theme/spacing/predictions_spacing_tokens.dart,predictionAnalyzerRiskBarHorizontal,5,AppSpacing.x2
predictions,flutter_app/lib/app/theme/spacing/predictions_spacing_tokens.dart,predictionAnalyzerScoreSuffixGap,5,AppSpacing.x2
predictions,flutter_app/lib/app/theme/spacing/predictions_spacing_tokens.dart,predictionAnalyzerSummaryMetricGap,5,AppSpacing.x2
predictions,flutter_app/lib/app/theme/spacing/predictions_spacing_tokens.dart,predictionBreakingCountIcon,13,AppSpacing.x4
predictions,flutter_app/lib/app/theme/spacing/predictions_spacing_tokens.dart,predictionBreakingMetaRunGap,5,AppSpacing.x2
predictions,flutter_app/lib/app/theme/spacing/predictions_spacing_tokens.dart,predictionCalendarTimeIconGap,5,AppSpacing.x2
predictions,flutter_app/lib/app/theme/spacing/predictions_spacing_tokens.dart,predictionDataHeaderRunGap,5,AppSpacing.x2
predictions,flutter_app/lib/app/theme/spacing/predictions_spacing_tokens.dart,predictionDataMetricIconGap,5,AppSpacing.x2
predictions,flutter_app/lib/app/theme/spacing/predictions_spacing_tokens.dart,predictionDataPermissionsTopGap,13,AppSpacing.x4
predictions,flutter_app/lib/app/theme/spacing/predictions_spacing_tokens.dart,predictionDetailInfoIcon,13,AppSpacing.x4
predictions,flutter_app/lib/app/theme/spacing/predictions_spacing_tokens.dart,predictionDetailPositionIcon,13,AppSpacing.x4
predictions,flutter_app/lib/app/theme/spacing/predictions_spacing_tokens.dart,predictionDetailRiskIcon,13,AppSpacing.x4
predictions,flutter_app/lib/app/theme/spacing/predictions_spacing_tokens.dart,predictionDetailTabHeight,34,AppSpacing.x6
predictions,flutter_app/lib/app/theme/spacing/predictions_spacing_tokens.dart,predictionLeaderboardMetricIcon,13,AppSpacing.x4
predictions,flutter_app/lib/app/theme/spacing/predictions_spacing_tokens.dart,predictionLeaderboardMetricIconGap,5,AppSpacing.x2
predictions,flutter_app/lib/app/theme/spacing/predictions_spacing_tokens.dart,predictionLeaderboardRankBadge,21,AppSpacing.x5
predictions,flutter_app/lib/app/theme/spacing/predictions_spacing_tokens.dart,predictionLeaderboardWinMarketGap,3,AppSpacing.x1
predictions,flutter_app/lib/app/theme/spacing/predictions_spacing_tokens.dart,predictionMarketMakerHelperGap,5,AppSpacing.x2
predictions,flutter_app/lib/app/theme/spacing/predictions_spacing_tokens.dart,predictionPortfolioOrdersHelpIcon,13,AppSpacing.x4
predictions,flutter_app/lib/app/theme/spacing/predictions_spacing_tokens.dart,predictionPortfolioPnlArrowIcon,13,AppSpacing.x4
predictions,flutter_app/lib/app/theme/spacing/predictions_spacing_tokens.dart,predictionPortfolioPnlIcon,13,AppSpacing.x4
predictions,flutter_app/lib/app/theme/spacing/predictions_spacing_tokens.dart,predictionReceiptSummaryTrailingGap,5,AppSpacing.x2
predictions,flutter_app/lib/app/theme/spacing/predictions_spacing_tokens.dart,predictionRewardsArenaLabelGap,5,AppSpacing.x2
predictions,flutter_app/lib/app/theme/spacing/predictions_spacing_tokens.dart,predictionRewardsFilterIconGap,5,AppSpacing.x2
predictions,flutter_app/lib/app/theme/spacing/predictions_spacing_tokens.dart,predictionRewardsHeroTitleGap,13,AppSpacing.x4
predictions,flutter_app/lib/app/theme/spacing/predictions_spacing_tokens.dart,predictionRewardsPoolIcon,13,AppSpacing.x4
predictions,flutter_app/lib/app/theme/spacing/predictions_spacing_tokens.dart,predictionRewardsRiskIcon,13,AppSpacing.x4
predictions,flutter_app/lib/app/theme/spacing/predictions_spacing_tokens.dart,predictionRiskGuideTitleGap,5,AppSpacing.x2
predictions,flutter_app/lib/app/theme/spacing/predictions_spacing_tokens.dart,predictionSearchSortChipHeight,34,AppSpacing.x6
predictions,flutter_app/lib/app/theme/spacing/predictions_spacing_tokens.dart,predictionSocialActionIconGap,5,AppSpacing.x2
predictions,flutter_app/lib/app/theme/spacing/predictions_spacing_tokens.dart,predictionSocialPreviewTitleGap,5,AppSpacing.x2
predictions,flutter_app/lib/app/theme/spacing/predictions_spacing_tokens.dart,predictionTournamentDividerTopGap,13,AppSpacing.x4
predictions,flutter_app/lib/app/theme/spacing/predictions_spacing_tokens.dart,predictionTournamentLeaderboardWinnerIcon,21,AppSpacing.x5
profile,flutter_app/lib/app/theme/spacing/profile_spacing_tokens.dart,profileActivityCardGap,13,AppSpacing.x4
profile,flutter_app/lib/app/theme/spacing/profile_spacing_tokens.dart,profileActivityDetailIconGap,5,AppSpacing.x2
profile,flutter_app/lib/app/theme/spacing/profile_spacing_tokens.dart,profileActivityDetailsGap,13,AppSpacing.x4
profile,flutter_app/lib/app/theme/spacing/profile_spacing_tokens.dart,profileActivityFilterGap,13,AppSpacing.x4
profile,flutter_app/lib/app/theme/spacing/profile_spacing_tokens.dart,profileApiCreatePermissionIconGap,13,AppSpacing.x4
profile,flutter_app/lib/app/theme/spacing/profile_spacing_tokens.dart,profileApiDocsTitleGap,5,AppSpacing.x2
profile,flutter_app/lib/app/theme/spacing/profile_spacing_tokens.dart,profileApiUsageGap,13,AppSpacing.x4
profile,flutter_app/lib/app/theme/spacing/profile_spacing_tokens.dart,profileDevicesActionDividerGap,13,AppSpacing.x4
profile,flutter_app/lib/app/theme/spacing/profile_spacing_tokens.dart,profileDevicesCardGap,13,AppSpacing.x4
profile,flutter_app/lib/app/theme/spacing/profile_spacing_tokens.dart,profileDevicesMetaRunSpacing,5,AppSpacing.x2
profile,flutter_app/lib/app/theme/spacing/profile_spacing_tokens.dart,profileProductIconBox,34,AppSpacing.x6
profile,flutter_app/lib/app/theme/spacing/profile_spacing_tokens.dart,profileSubAccountActionsGap,13,AppSpacing.x4
profile,flutter_app/lib/app/theme/spacing/profile_spacing_tokens.dart,profileSubAccountAvatarGap,13,AppSpacing.x4
profile,flutter_app/lib/app/theme/spacing/profile_spacing_tokens.dart,profileSubAccountCardGap,13,AppSpacing.x4
profile,flutter_app/lib/app/theme/spacing/profile_spacing_tokens.dart,profileSubAccountCreateFormGap,13,AppSpacing.x4
profile,flutter_app/lib/app/theme/spacing/profile_spacing_tokens.dart,profileSubAccountDetailsMetricGap,13,AppSpacing.x4
profile,flutter_app/lib/app/theme/spacing/profile_spacing_tokens.dart,profileSubAccountEmailGap,13,AppSpacing.x4
profile,flutter_app/lib/app/theme/spacing/profile_spacing_tokens.dart,settingsCurrencyIcon,21,AppSpacing.x5
profile,flutter_app/lib/app/theme/spacing/profile_spacing_tokens.dart,settingsSectionTitleGap,8,AppSpacing.x3
support,flutter_app/lib/app/theme/spacing/support_spacing_tokens.dart,supportArticleIcon,21,AppSpacing.x5
support,flutter_app/lib/app/theme/spacing/support_spacing_tokens.dart,supportContextIconBox,34,AppSpacing.x6
support,flutter_app/lib/app/theme/spacing/support_spacing_tokens.dart,supportFilterChipHeight,34,AppSpacing.x6
trade,flutter_app/lib/app/theme/spacing/trade_spacing_tokens.dart,tradeBotAttributionProgressHeight,8,AppSpacing.x3
trade,flutter_app/lib/app/theme/spacing/trade_spacing_tokens.dart,tradeBotCardIcon,21,AppSpacing.x5
trade,flutter_app/lib/app/theme/spacing/trade_spacing_tokens.dart,tradeBotClientCurrentIcon,21,AppSpacing.x5
trade,flutter_app/lib/app/theme/spacing/trade_spacing_tokens.dart,tradeBotDisputeFileTopGap,13,AppSpacing.x4
trade,flutter_app/lib/app/theme/spacing/trade_spacing_tokens.dart,tradeBotInlineIconGap,8,AppSpacing.x3
trade,flutter_app/lib/app/theme/spacing/trade_spacing_tokens.dart,tradeBotMetricGap,5,AppSpacing.x2
trade,flutter_app/lib/app/theme/spacing/trade_spacing_tokens.dart,tradeBotProgressHeight,8,AppSpacing.x3
trade,flutter_app/lib/app/theme/spacing/trade_spacing_tokens.dart,tradeBotSelectionDotInner,8,AppSpacing.x3
trade,flutter_app/lib/app/theme/spacing/trade_spacing_tokens.dart,tradeBotSmallGap,8,AppSpacing.x3
trade,flutter_app/lib/app/theme/spacing/trade_spacing_tokens.dart,tradeBotTinyGap,5,AppSpacing.x2
trade,flutter_app/lib/app/theme/spacing/trade_spacing_tokens.dart,tradeDataTabsHeight,34,AppSpacing.x6
trade,flutter_app/lib/app/theme/spacing/trade_spacing_tokens.dart,tradeHistoryFilterHeight,34,AppSpacing.x6
trade,flutter_app/lib/app/theme/spacing/trade_spacing_tokens.dart,tradeReceiptHeroIcon,34,AppSpacing.x6
trade,flutter_app/lib/app/theme/spacing/trade_spacing_tokens.dart,tradeReceiptSectionGap,13,AppSpacing.x4
trade,flutter_app/lib/app/theme/spacing/trade_spacing_tokens.dart,tradeToolInlineGap,8,AppSpacing.x3
trade,flutter_app/lib/app/theme/spacing/trade_spacing_tokens.dart,tradeToolProgressHeight,8,AppSpacing.x3
trade,flutter_app/lib/app/theme/spacing/trade_spacing_tokens.dart,tradeToolTinyGap,5,AppSpacing.x2
wallet,flutter_app/lib/app/theme/spacing/wallet_spacing_tokens.dart,walletAddressAddAddressSectionGap,34,AppSpacing.x6
wallet,flutter_app/lib/app/theme/spacing/wallet_spacing_tokens.dart,walletAddressAddAssetChipHeight,34,AppSpacing.x6
wallet,flutter_app/lib/app/theme/spacing/wallet_spacing_tokens.dart,walletAddressAddHintGap,5,AppSpacing.x2
wallet,flutter_app/lib/app/theme/spacing/wallet_spacing_tokens.dart,walletAddressAddNetworkRunSpacing,8,AppSpacing.x3
wallet,flutter_app/lib/app/theme/spacing/wallet_spacing_tokens.dart,walletAddressAddSheetTitleGap,8,AppSpacing.x3
wallet,flutter_app/lib/app/theme/spacing/wallet_spacing_tokens.dart,walletAddressAddSuccessMessageGap,8,AppSpacing.x3
wallet,flutter_app/lib/app/theme/spacing/wallet_spacing_tokens.dart,walletAddressPrimaryGap,13,AppSpacing.x4
wallet,flutter_app/lib/app/theme/spacing/wallet_spacing_tokens.dart,walletAddressStatsGap,8,AppSpacing.x3
wallet,flutter_app/lib/app/theme/spacing/wallet_spacing_tokens.dart,walletAllocationChartInset,8,AppSpacing.x3
wallet,flutter_app/lib/app/theme/spacing/wallet_spacing_tokens.dart,walletAllocationLegendGap,8,AppSpacing.x3
wallet,flutter_app/lib/app/theme/spacing/wallet_spacing_tokens.dart,walletAnalyticsAssetBottomGap,13,AppSpacing.x4
wallet,flutter_app/lib/app/theme/spacing/wallet_spacing_tokens.dart,walletAnalyticsPageTopPadding,13,AppSpacing.x4
wallet,flutter_app/lib/app/theme/spacing/wallet_spacing_tokens.dart,walletAnalyticsReturnPillIcon,13,AppSpacing.x4
wallet,flutter_app/lib/app/theme/spacing/wallet_spacing_tokens.dart,walletBuyAmountLabelGap,21,AppSpacing.x5
wallet,flutter_app/lib/app/theme/spacing/wallet_spacing_tokens.dart,walletBuyPaymentMetaGap,5,AppSpacing.x2
wallet,flutter_app/lib/app/theme/spacing/wallet_spacing_tokens.dart,walletBuyPaymentPopularGap,8,AppSpacing.x3
wallet,flutter_app/lib/app/theme/spacing/wallet_spacing_tokens.dart,walletDepositQrShadowOffsetY,8,AppSpacing.x3
wallet,flutter_app/lib/app/theme/spacing/wallet_spacing_tokens.dart,walletDustAssetCheckboxGap,13,AppSpacing.x4
wallet,flutter_app/lib/app/theme/spacing/wallet_spacing_tokens.dart,walletDustHeroHeaderGap,13,AppSpacing.x4
wallet,flutter_app/lib/app/theme/spacing/wallet_spacing_tokens.dart,walletDustSelectAllHeight,34,AppSpacing.x6
wallet,flutter_app/lib/app/theme/spacing/wallet_spacing_tokens.dart,walletDustTokenLogo,34,AppSpacing.x6
wallet,flutter_app/lib/app/theme/spacing/wallet_spacing_tokens.dart,walletGasPageTopPadding,13,AppSpacing.x4
wallet,flutter_app/lib/app/theme/spacing/wallet_spacing_tokens.dart,walletGasSavingIcon,13,AppSpacing.x4
wallet,flutter_app/lib/app/theme/spacing/wallet_spacing_tokens.dart,walletHealthActionHeight,34,AppSpacing.x6
wallet,flutter_app/lib/app/theme/spacing/wallet_spacing_tokens.dart,walletHistoryExportIconGap,5,AppSpacing.x2
wallet,flutter_app/lib/app/theme/spacing/wallet_spacing_tokens.dart,walletHistoryFilterTextPadX,5,AppSpacing.x2
wallet,flutter_app/lib/app/theme/spacing/wallet_spacing_tokens.dart,walletHistoryStatusBadgePadV,3,AppSpacing.x1
wallet,flutter_app/lib/app/theme/spacing/wallet_spacing_tokens.dart,walletHistoryTextSpacing,5,AppSpacing.x2
wallet,flutter_app/lib/app/theme/spacing/wallet_spacing_tokens.dart,walletManagerGroupMetaGap,13,AppSpacing.x4
wallet,flutter_app/lib/app/theme/spacing/wallet_spacing_tokens.dart,walletManagerWalletFavoriteIcon,13,AppSpacing.x4
wallet,flutter_app/lib/app/theme/spacing/wallet_spacing_tokens.dart,walletManagerWalletTrendIcon,13,AppSpacing.x4
wallet,flutter_app/lib/app/theme/spacing/wallet_spacing_tokens.dart,walletNetworkProgressHeight,5,AppSpacing.x2
wallet,flutter_app/lib/app/theme/spacing/wallet_spacing_tokens.dart,walletPendingNoticeMinHeight,34,AppSpacing.x6
wallet,flutter_app/lib/app/theme/spacing/wallet_spacing_tokens.dart,walletPendingRefreshButton,34,AppSpacing.x6
wallet,flutter_app/lib/app/theme/spacing/wallet_spacing_tokens.dart,walletTokenApprovalActionGap,8,AppSpacing.x3
wallet,flutter_app/lib/app/theme/spacing/wallet_spacing_tokens.dart,walletTokenHeaderWrapSpacing,8,AppSpacing.x3
wallet,flutter_app/lib/app/theme/spacing/wallet_spacing_tokens.dart,walletTokenHeroGap,13,AppSpacing.x4
wallet,flutter_app/lib/app/theme/spacing/wallet_spacing_tokens.dart,walletTokenMetricValueGap,8,AppSpacing.x3
wallet,flutter_app/lib/app/theme/spacing/wallet_spacing_tokens.dart,walletTokenTitleGap,8,AppSpacing.x3
wallet,flutter_app/lib/app/theme/spacing/wallet_spacing_tokens.dart,walletTokenVerifiedIcon,13,AppSpacing.x4
wallet,flutter_app/lib/app/theme/spacing/wallet_spacing_tokens.dart,walletTransactionDetailsPadVertical,13,AppSpacing.x4
wallet,flutter_app/lib/app/theme/spacing/wallet_spacing_tokens.dart,walletTransactionExplorerLabelGap,8,AppSpacing.x3
wallet,flutter_app/lib/app/theme/spacing/wallet_spacing_tokens.dart,walletTransactionProgressDotSize,13,AppSpacing.x4
wallet,flutter_app/lib/app/theme/spacing/wallet_spacing_tokens.dart,walletTransactionSummaryBadgeHeight,34,AppSpacing.x6
wallet,flutter_app/lib/app/theme/spacing/wallet_spacing_tokens.dart,walletTransactionSummaryBadgePadH,13,AppSpacing.x4
wallet,flutter_app/lib/app/theme/spacing/wallet_spacing_tokens.dart,walletTransactionSummarySectionVPad,21,AppSpacing.x5
