category,file,line,owner,sourceWidget,actionSource,trailingKind,icon,classification,canonicalAction,canonicalIcon,needsMigration,notes
"vit_header","flutter_app/lib/app/router/internal_surface_gate.dart","92","_InternalSurfaceRestrictedPage","VitHeader","showBack","-","Icons.chevron_left_rounded","canonical","back","Icons.chevron_left_rounded","no","Back action is present."
"vit_header","flutter_app/lib/features/admin/presentation/pages/ab_test_dashboard.dart","54","_ABTestDashboardState","VitHeader","showBack","-","Icons.chevron_left_rounded","canonical","back","Icons.chevron_left_rounded","no","Back action is present."
"vit_header","flutter_app/lib/features/admin/presentation/pages/admin_settings_page.dart","42","AdminSettingsPage","VitHeader","showBack","-","Icons.chevron_left_rounded","canonical","back","Icons.chevron_left_rounded","no","Back action is present."
"vit_header","flutter_app/lib/features/admin/presentation/pages/analytics_dashboard.dart","60","_AnalyticsDashboardState","VitHeader","showBack","-","Icons.chevron_left_rounded","canonical","back","Icons.chevron_left_rounded","no","Back action is present."
"vit_header","flutter_app/lib/features/admin/presentation/pages/funnel_dashboard.dart","66","_FunnelDashboardState","VitHeader","showBack","-","Icons.chevron_left_rounded","canonical","back","Icons.chevron_left_rounded","no","Back action is present."
"vit_header","flutter_app/lib/features/arena/presentation/pages/arena_blocked_users_page.dart","76","_ArenaBlockedUsersPageState","VitHeader","showBack","-","Icons.chevron_left_rounded","canonical","back","Icons.chevron_left_rounded","no","Back action is present."
"vit_header","flutter_app/lib/features/arena/presentation/pages/arena_challenge_detail_page.dart","113","_ArenaChallengeDetailPageState","VitHeader","showBack","-","Icons.chevron_left_rounded","canonical","back","Icons.chevron_left_rounded","no","Back action is present."
"vit_header","flutter_app/lib/features/arena/presentation/pages/arena_creator_page.dart","78","_ArenaCreatorPageState","VitHeader","showBack","-","Icons.chevron_left_rounded","canonical","back","Icons.chevron_left_rounded","no","Back action is present."
"vit_header","flutter_app/lib/features/arena/presentation/pages/arena_flow_map_page.dart","95","_ArenaFlowMapPageState","VitHeader","showBack","-","Icons.chevron_left_rounded","canonical","back","Icons.chevron_left_rounded","no","Back action is present."
"vit_header","flutter_app/lib/features/arena/presentation/pages/arena_governance_gate_page.dart","118","_ArenaGovernanceGatePageState","VitHeader","showBack","-","Icons.chevron_left_rounded","canonical","back","Icons.chevron_left_rounded","no","Back action is present."
"vit_header","flutter_app/lib/features/arena/presentation/pages/arena_guide_page.dart","85","_ArenaGuidePageState","VitHeader","showBack","-","Icons.chevron_left_rounded","canonical","back","Icons.chevron_left_rounded","no","Back action is present."
"vit_header","flutter_app/lib/features/arena/presentation/pages/arena_join_page.dart","85","_ArenaJoinPageState","VitHeader","showBack","-","Icons.chevron_left_rounded","canonical","back","Icons.chevron_left_rounded","no","Back action is present."
"vit_header","flutter_app/lib/features/arena/presentation/pages/arena_leaderboard_page.dart","104","_ArenaLeaderboardPageState","VitHeader","showBack","-","Icons.chevron_left_rounded","canonical","back","Icons.chevron_left_rounded","no","Back action is present."
"vit_header","flutter_app/lib/features/arena/presentation/pages/arena_mode_detail_page.dart","72","_ArenaModeDetailPageState","VitHeader","showBack","-","Icons.chevron_left_rounded","canonical","back","Icons.chevron_left_rounded","no","Back action is present."
"vit_header","flutter_app/lib/features/arena/presentation/pages/arena_points_entry_detail_page.dart","77","_ArenaPointsEntryDetailPageState","VitHeader","showBack","-","Icons.chevron_left_rounded","canonical","back","Icons.chevron_left_rounded","no","Back action is present."
"vit_header","flutter_app/lib/features/arena/presentation/pages/arena_points_ledger_page.dart","73","_ArenaPointsLedgerPageState","VitHeader","showBack","-","Icons.chevron_left_rounded","canonical","back","Icons.chevron_left_rounded","no","Back action is present."
"vit_header","flutter_app/lib/features/arena/presentation/pages/arena_prediction_bridge_foundation_page_part_01.dart","28","_ArenaPredictionBridgeFoundationPageState","VitHeader","showBack","-","Icons.chevron_left_rounded","canonical","back","Icons.chevron_left_rounded","no","Back action is present."
"vit_header","flutter_app/lib/features/arena/presentation/pages/arena_production_ready_page_part_01.dart","27","_ArenaProductionReadyPageState","VitHeader","showBack","-","Icons.chevron_left_rounded","canonical","back","Icons.chevron_left_rounded","no","Back action is present."
"vit_header","flutter_app/lib/features/arena/presentation/pages/arena_report_case_page.dart","103","_ArenaReportCasePageState","VitHeader","showBack","-","Icons.chevron_left_rounded","canonical","back","Icons.chevron_left_rounded","no","Back action is present."
"vit_header","flutter_app/lib/features/arena/presentation/pages/arena_resolution_center_page.dart","49","ArenaResolutionCenterPage","VitHeader","showBack","-","Icons.chevron_left_rounded","canonical","back","Icons.chevron_left_rounded","no","Back action is present."
"vit_header","flutter_app/lib/features/arena/presentation/pages/arena_safety_center_page.dart","72","ArenaSafetyCenterPage","VitHeader","showBack","-","Icons.chevron_left_rounded","canonical","back","Icons.chevron_left_rounded","no","Back action is present."
"vit_header","flutter_app/lib/features/arena/presentation/pages/arena_smart_rule_builder_page.dart","158","_ArenaSmartRuleBuilderPageState","VitHeader","showBack","-","Icons.chevron_left_rounded","canonical","back","Icons.chevron_left_rounded","no","Back action is present."
"vit_header","flutter_app/lib/features/arena/presentation/pages/arena_studio_page.dart","76","_ArenaStudioPageState","VitHeader","showBack","-","Icons.chevron_left_rounded","canonical","back","Icons.chevron_left_rounded","no","Back action is present."
"vit_header","flutter_app/lib/features/arena/presentation/pages/arena_trust_breakdown_page.dart","58","ArenaTrustBreakdownPage","VitHeader","showBack","-","Icons.chevron_left_rounded","canonical","back","Icons.chevron_left_rounded","no","Back action is present."
"vit_header","flutter_app/lib/features/arena/presentation/pages/arena_universal_preset_library_page.dart","79","_ArenaUniversalPresetLibraryPageState","VitHeader","showBack","-","Icons.chevron_left_rounded","canonical","back","Icons.chevron_left_rounded","no","Back action is present."
"vit_header","flutter_app/lib/features/arena/presentation/pages/connected_ecosystem_production_page.dart","80","_ConnectedEcosystemProductionPageState","VitHeader","showBack","-","Icons.chevron_left_rounded","canonical","back","Icons.chevron_left_rounded","no","Back action is present."
"vit_header","flutter_app/lib/features/arena/presentation/pages/my_arena_page.dart","91","_MyArenaPageState","VitHeader","showBack","-","Icons.chevron_left_rounded","canonical","back","Icons.chevron_left_rounded","no","Back action is present."
"vit_header","flutter_app/lib/features/arena/presentation/pages/my_arena_reports_page.dart","69","_MyArenaReportsPageState","VitHeader","showBack","-","Icons.chevron_left_rounded","canonical","back","Icons.chevron_left_rounded","no","Back action is present."
"vit_header","flutter_app/lib/features/arena/presentation/pages/verified_challenges_page.dart","53","VerifiedChallengesPage","VitHeader","showBack","-","Icons.chevron_left_rounded","canonical","back","Icons.chevron_left_rounded","no","Back action is present."
"vit_header","flutter_app/lib/features/auth/presentation/pages/forgot_password_page.dart","235","_ForgotPasswordPageState","VitHeader","showBack","-","Icons.chevron_left_rounded","canonical","back","Icons.chevron_left_rounded","no","Back action is present."
"vit_header","flutter_app/lib/features/auth/presentation/pages/otp_page.dart","223","_OTPPageState","VitHeader","showBack","-","Icons.chevron_left_rounded","canonical","back","Icons.chevron_left_rounded","no","Back action is present."
"vit_header","flutter_app/lib/features/auth/presentation/pages/register_page.dart","169","_RegisterPageState","VitHeader","showBack","-","Icons.chevron_left_rounded","canonical","back","Icons.chevron_left_rounded","no","Back action is present."
"vit_header","flutter_app/lib/features/auth/presentation/pages/reset_password_page.dart","172","_ResetPasswordPageState","VitHeader","showBack","-","Icons.chevron_left_rounded","canonical","back","Icons.chevron_left_rounded","no","Back action is present."
"vit_header","flutter_app/lib/features/auth/presentation/pages/two_fa_setup_page.dart","197","_TwoFASetupPageState","VitHeader","showBack","-","Icons.chevron_left_rounded","canonical","back","Icons.chevron_left_rounded","no","Back action is present."
"vit_header","flutter_app/lib/features/cross_module/presentation/pages/unified_portfolio_dashboard.dart","57","_UnifiedPortfolioDashboardState","VitHeader","showBack","-","Icons.chevron_left_rounded","canonical","back","Icons.chevron_left_rounded","no","Back action is present."
"vit_header","flutter_app/lib/features/cross_module/presentation/widgets/cross_module_tabbed_shell.dart","40","CrossModuleTabbedPageShell","VitHeader","showBack","-","Icons.chevron_left_rounded","canonical","back","Icons.chevron_left_rounded","no","Back action is present."
"vit_header","flutter_app/lib/features/dca/presentation/pages/dca_backtester_page.dart","60","_DCABacktesterPageState","VitHeader","showBack","-","Icons.chevron_left_rounded","canonical","back","Icons.chevron_left_rounded","no","Back action is present."
"vit_header","flutter_app/lib/features/dca/presentation/pages/dca_dynamic_amount_page.dart","71","_DCADynamicAmountState","VitHeader","showBack","-","Icons.chevron_left_rounded","canonical","back","Icons.chevron_left_rounded","no","Back action is present."
"vit_header","flutter_app/lib/features/dca/presentation/pages/dca_multi_asset_page_part_01.dart","44","_DCAMultiAssetPageState","VitHeader","showBack","-","Icons.chevron_left_rounded","canonical","back","Icons.chevron_left_rounded","no","Back action is present."
"vit_header","flutter_app/lib/features/dca/presentation/pages/dca_overview_demo.dart","65","_DCAOverviewDemoState","VitHeader","showBack","-","Icons.chevron_left_rounded","canonical","back","Icons.chevron_left_rounded","no","Back action is present."
"vit_header","flutter_app/lib/features/dca/presentation/pages/dca_performance_compare_page.dart","63","_DCAPerformanceComparePageState","VitHeader","showBack","-","Icons.chevron_left_rounded","canonical","back","Icons.chevron_left_rounded","no","Back action is present."
"vit_header","flutter_app/lib/features/dca/presentation/pages/dca_portfolio_optimizer_page.dart","93","_DCAPortfolioOptimizerState","VitHeader","showBack","-","Icons.chevron_left_rounded","canonical","back","Icons.chevron_left_rounded","no","Back action is present."
"vit_header","flutter_app/lib/features/dca/presentation/pages/dca_rebalance_config_page.dart","94","_DCARebalanceConfigState","VitHeader","showBack","-","Icons.chevron_left_rounded","canonical","back","Icons.chevron_left_rounded","no","Back action is present."
"vit_header","flutter_app/lib/features/dca/presentation/pages/dca_schedule_config_page.dart","85","_DCAScheduleConfigState","VitHeader","showBack","-","Icons.chevron_left_rounded","canonical","back","Icons.chevron_left_rounded","no","Back action is present."
"vit_header","flutter_app/lib/features/dca/presentation/pages/dca_smart_rules_page.dart","57","_DCASmartRulesPageState","VitHeader","showBack","-","Icons.chevron_left_rounded","canonical","back","Icons.chevron_left_rounded","no","Back action is present."
"vit_header","flutter_app/lib/features/dev/presentation/pages/design_system_page.dart","95","_DesignSystemPageState","VitHeader","showBack","-","Icons.chevron_left_rounded","canonical","back","Icons.chevron_left_rounded","no","Back action is present."
"vit_header","flutter_app/lib/features/dev/presentation/pages/missing_screens_showcase_page.dart","67","_MissingScreensShowcasePageState","VitHeader","showBack","-","Icons.chevron_left_rounded","canonical","back","Icons.chevron_left_rounded","no","Back action is present."
"vit_header","flutter_app/lib/features/dev/presentation/pages/performance_monitor.dart","57","_PerformanceMonitorState","VitHeader","showBack","-","Icons.chevron_left_rounded","canonical","back","Icons.chevron_left_rounded","no","Back action is present."
"vit_header","flutter_app/lib/features/dev/presentation/pages/route_checker_page.dart","66","_RouteCheckerState","VitHeader","showBack","-","Icons.chevron_left_rounded","canonical","back","Icons.chevron_left_rounded","no","Back action is present."
"vit_header","flutter_app/lib/features/discovery/presentation/pages/topic_hub_page.dart","92","_TopicHubPageState","VitHeader","showBack","-","Icons.chevron_left_rounded","canonical","back","Icons.chevron_left_rounded","no","Back action is present."
"vit_header","flutter_app/lib/features/discovery/presentation/pages/unified_search_page.dart","76","_UnifiedSearchPageState","VitHeader","showBack","-","Icons.chevron_left_rounded","canonical","back","Icons.chevron_left_rounded","no","Back action is present."
"vit_header","flutter_app/lib/features/earn/presentation/pages/auto_compound_settings_page_part_01.dart","34","_AutoCompoundSettingsPageState","VitHeader","showBack","-","Icons.chevron_left_rounded","canonical","back","Icons.chevron_left_rounded","no","Back action is present."
"vit_header","flutter_app/lib/features/earn/presentation/pages/earn_portfolio_page.dart","27","_SavingsPortfolioPageState","VitHeader","showBack","-","Icons.chevron_left_rounded","canonical","back","Icons.chevron_left_rounded","no","Back action is present."
"vit_header","flutter_app/lib/features/earn/presentation/pages/savings_analytics_page.dart","67","_SavingsAnalyticsPageState","VitHeader","showBack","-","Icons.chevron_left_rounded","canonical","back","Icons.chevron_left_rounded","no","Back action is present."
"vit_header","flutter_app/lib/features/earn/presentation/pages/savings_auto_rebalance_page.dart","99","_SavingsAutoRebalancePageState","VitHeader","showBack","-","Icons.chevron_left_rounded","canonical","back","Icons.chevron_left_rounded","no","Back action is present."
"vit_header","flutter_app/lib/features/earn/presentation/pages/savings_autopilot_page.dart","86","_SavingsAutoPilotPageState","VitHeader","showBack","-","Icons.chevron_left_rounded","canonical","back","Icons.chevron_left_rounded","no","Back action is present."
"vit_header","flutter_app/lib/features/earn/presentation/pages/savings_backtest_page.dart","99","_SavingsBacktestPageState","VitHeader","showBack","-","Icons.chevron_left_rounded","canonical","back","Icons.chevron_left_rounded","no","Back action is present."
"vit_header","flutter_app/lib/features/earn/presentation/pages/savings_comparison_page.dart","72","_SavingsComparisonPageState","VitHeader","showBack","-","Icons.chevron_left_rounded","canonical","back","Icons.chevron_left_rounded","no","Back action is present."
"vit_header","flutter_app/lib/features/earn/presentation/pages/savings_dca_page.dart","69","_SavingsDCAPageState","VitHeader","showBack","-","Icons.chevron_left_rounded","canonical","back","Icons.chevron_left_rounded","no","Back action is present."
"vit_header","flutter_app/lib/features/earn/presentation/pages/savings_export_page.dart","92","_SavingsExportPageState","VitHeader","showBack","-","Icons.chevron_left_rounded","canonical","back","Icons.chevron_left_rounded","no","Back action is present."
"vit_header","flutter_app/lib/features/earn/presentation/pages/savings_faq_page.dart","69","_SavingsFAQPageState","VitHeader","showBack","-","Icons.chevron_left_rounded","canonical","back","Icons.chevron_left_rounded","no","Back action is present."
"vit_header","flutter_app/lib/features/earn/presentation/pages/savings_goal_page_part_01.dart","28","_SavingsGoalPageState","VitHeader","showBack","-","Icons.chevron_left_rounded","canonical","back","Icons.chevron_left_rounded","no","Back action is present."
"vit_header","flutter_app/lib/features/earn/presentation/pages/savings_guide_page.dart","63","_SavingsGuidePageState","VitHeader","showBack","-","Icons.chevron_left_rounded","canonical","back","Icons.chevron_left_rounded","no","Back action is present."
"vit_header","flutter_app/lib/features/earn/presentation/pages/savings_history_page.dart","64","_SavingsHistoryPageState","VitHeader","showBack","-","Icons.chevron_left_rounded","canonical","back","Icons.chevron_left_rounded","no","Back action is present."
"vit_header","flutter_app/lib/features/earn/presentation/pages/savings_ladder_page.dart","98","_SavingsLadderPageState","VitHeader","showBack","-","Icons.chevron_left_rounded","canonical","back","Icons.chevron_left_rounded","no","Back action is present."
"vit_header","flutter_app/lib/features/earn/presentation/pages/savings_notification_preferences_page.dart","88","_SavingsNotificationPreferencesPageState","VitHeader","showBack","-","Icons.chevron_left_rounded","canonical","back","Icons.chevron_left_rounded","no","Back action is present."
"vit_header","flutter_app/lib/features/earn/presentation/pages/savings_notifications_page.dart","78","_SavingsNotificationsPageState","VitHeader","showBack","-","Icons.chevron_left_rounded","canonical","back","Icons.chevron_left_rounded","no","Back action is present."
"vit_header","flutter_app/lib/features/earn/presentation/pages/savings_page.dart","77","_SavingsPageState","VitHeader","showBack","-","Icons.chevron_left_rounded","canonical","back","Icons.chevron_left_rounded","no","Back action is present."
"vit_header","flutter_app/lib/features/earn/presentation/pages/savings_product_detail_page.dart","51","SavingsProductDetailPage","VitHeader","showBack","-","Icons.chevron_left_rounded","canonical","back","Icons.chevron_left_rounded","no","Back action is present."
"vit_header","flutter_app/lib/features/earn/presentation/pages/savings_receipt_page.dart","33","SavingsReceiptPage","VitHeader","showBack","-","Icons.chevron_left_rounded","canonical","back","Icons.chevron_left_rounded","no","Back action is present."
"vit_header","flutter_app/lib/features/earn/presentation/pages/savings_recommendations_page_part_01.dart","40","_SavingsRecommendationsPageState","VitHeader","showBack","-","Icons.chevron_left_rounded","canonical","back","Icons.chevron_left_rounded","no","Back action is present."
"vit_header","flutter_app/lib/features/earn/presentation/pages/savings_redeem_page.dart","39","SavingsRedeemPage","VitHeader","showBack","-","Icons.chevron_left_rounded","canonical","back","Icons.chevron_left_rounded","no","Back action is present."
"vit_header","flutter_app/lib/features/earn/presentation/pages/savings_risk_assessment_page.dart","73","_SavingsRiskAssessmentPageState","VitHeader","showBack","-","Icons.chevron_left_rounded","canonical","back","Icons.chevron_left_rounded","no","Back action is present."
"vit_header","flutter_app/lib/features/earn/presentation/pages/savings_smart_suggestions_page.dart","70","_SavingsSmartSuggestionsPageState","VitHeader","showBack","-","Icons.chevron_left_rounded","canonical","back","Icons.chevron_left_rounded","no","Back action is present."
"vit_header","flutter_app/lib/features/earn/presentation/pages/savings_what_if_page.dart","97","_SavingsWhatIfPageState","VitHeader","showBack","-","Icons.chevron_left_rounded","canonical","back","Icons.chevron_left_rounded","no","Back action is present."
"vit_header","flutter_app/lib/features/earn/presentation/pages/staking_analytics_page_part_01.dart","27","_StakingAnalyticsPageState","VitHeader","showBack","-","Icons.chevron_left_rounded","canonical","back","Icons.chevron_left_rounded","no","Back action is present."
"vit_header","flutter_app/lib/features/earn/presentation/pages/staking_dashboard_page.dart","64","_StakingDashboardPageState","VitHeader","showBack","-","Icons.chevron_left_rounded","canonical","back","Icons.chevron_left_rounded","no","Back action is present."
"vit_header","flutter_app/lib/features/earn/presentation/pages/staking_earnings_calendar_page.dart","82","_StakingEarningsCalendarPageState","VitHeader","showBack","-","Icons.chevron_left_rounded","canonical","back","Icons.chevron_left_rounded","no","Back action is present."
"vit_header","flutter_app/lib/features/earn/presentation/pages/staking_history_page.dart","78","_StakingHistoryPageState","VitHeader","showBack","-","Icons.chevron_left_rounded","canonical","back","Icons.chevron_left_rounded","no","Back action is present."
"vit_header","flutter_app/lib/features/enterprise_states/presentation/pages/enterprise_states_page.dart","65","_EnterpriseStatesPageState","VitHeader","showBack","-","Icons.chevron_left_rounded","canonical","back","Icons.chevron_left_rounded","no","Back action is present."
"custom_header","flutter_app/lib/features/home/presentation/pages/home_page_part_01.dart","374","_HomeHeader","_HomeHeader","custom_header","_HomeHeader","VitHeaderActionType.notifications","canonical_action_type","notifications","Icons.notifications_none_rounded","no","Uses canonical VitHeaderActionButton catalog type."
"custom_header","flutter_app/lib/features/home/presentation/pages/home_page_part_01.dart","374","_HomeHeader","_HomeHeader","custom_header","_HomeHeader","VitHeaderActionType.search","canonical_action_type","search","Icons.search_rounded","no","Uses canonical VitHeaderActionButton catalog type."
"vit_header","flutter_app/lib/features/launchpad/presentation/pages/launchpad_abi_diff_page.dart","87","_LaunchpadAbiDiffPageState","VitHeader","showBack","-","Icons.chevron_left_rounded","canonical","back","Icons.chevron_left_rounded","no","Back action is present."
"vit_header","flutter_app/lib/features/launchpad/presentation/pages/launchpad_address_book_page.dart","105","_LaunchpadAddressBookPageState","VitHeader","showBack","-","Icons.chevron_left_rounded","canonical","back","Icons.chevron_left_rounded","no","Back action is present."
"vit_header","flutter_app/lib/features/launchpad/presentation/pages/launchpad_batch_claim_page.dart","89","_LaunchpadBatchClaimPageState","VitHeader","showBack","-","Icons.chevron_left_rounded","canonical","back","Icons.chevron_left_rounded","no","Back action is present."
"vit_header","flutter_app/lib/features/launchpad/presentation/pages/launchpad_bridge_compare_page.dart","88","_LaunchpadBridgeComparePageState","VitHeader","showBack","-","Icons.chevron_left_rounded","canonical","back","Icons.chevron_left_rounded","no","Back action is present."
"vit_header","flutter_app/lib/features/launchpad/presentation/pages/launchpad_bridge_order_page.dart","76","_LaunchpadBridgeOrderPageState","VitHeader","showBack","-","Icons.chevron_left_rounded","canonical","back","Icons.chevron_left_rounded","no","Back action is present."
"vit_header","flutter_app/lib/features/launchpad/presentation/pages/launchpad_claim_receipt_page.dart","91","_LaunchpadClaimReceiptPageState","VitHeader","showBack","-","Icons.chevron_left_rounded","canonical","back","Icons.chevron_left_rounded","no","Back action is present."
"vit_header","flutter_app/lib/features/launchpad/presentation/pages/launchpad_contract_page.dart","52","LaunchpadContractPage","VitHeader","showBack","-","Icons.chevron_left_rounded","canonical","back","Icons.chevron_left_rounded","no","Back action is present."
"vit_header","flutter_app/lib/features/launchpad/presentation/pages/launchpad_dca_builder_page.dart","106","_LaunchpadDcaBuilderPageState","VitHeader","showBack","-","Icons.chevron_left_rounded","canonical","back","Icons.chevron_left_rounded","no","Back action is present."
"vit_header","flutter_app/lib/features/launchpad/presentation/pages/launchpad_detail_page.dart","53","LaunchpadDetailPage","VitHeader","showBack","-","Icons.chevron_left_rounded","canonical","back","Icons.chevron_left_rounded","no","Back action is present."
"vit_header","flutter_app/lib/features/launchpad/presentation/pages/launchpad_event_log_page.dart","105","_LaunchpadEventLogPageState","VitHeader","showBack","-","Icons.chevron_left_rounded","canonical","back","Icons.chevron_left_rounded","no","Back action is present."
"vit_header","flutter_app/lib/features/launchpad/presentation/pages/launchpad_gas_tracker_page.dart","107","_LaunchpadGasTrackerPageState","VitHeader","showBack","-","Icons.chevron_left_rounded","canonical","back","Icons.chevron_left_rounded","no","Back action is present."
"vit_header","flutter_app/lib/features/launchpad/presentation/pages/launchpad_ido_bridge_page.dart","52","LaunchpadIdoBridgePage","VitHeader","showBack","-","Icons.chevron_left_rounded","canonical","back","Icons.chevron_left_rounded","no","Back action is present."
"vit_header","flutter_app/lib/features/launchpad/presentation/pages/launchpad_limit_orders_page.dart","120","_LaunchpadLimitOrdersPageState","VitHeader","showBack","-","Icons.chevron_left_rounded","canonical","back","Icons.chevron_left_rounded","no","Back action is present."
"vit_header","flutter_app/lib/features/launchpad/presentation/pages/launchpad_multisig_page_part_01.dart","46","_LaunchpadMultisigPageState","VitHeader","showBack","-","Icons.chevron_left_rounded","canonical","back","Icons.chevron_left_rounded","no","Back action is present."
"vit_header","flutter_app/lib/features/launchpad/presentation/pages/launchpad_notif_sound_page.dart","89","_LaunchpadNotifSoundPageState","VitHeader","showBack","-","Icons.chevron_left_rounded","canonical","back","Icons.chevron_left_rounded","no","Back action is present."
"vit_header","flutter_app/lib/features/launchpad/presentation/pages/launchpad_performance_page.dart","94","_LaunchpadPerformancePageState","VitHeader","showBack","-","Icons.chevron_left_rounded","canonical","back","Icons.chevron_left_rounded","no","Back action is present."
"vit_header","flutter_app/lib/features/launchpad/presentation/pages/launchpad_portfolio_page.dart","75","_LaunchpadPortfolioPageState","VitHeader","showBack","-","Icons.chevron_left_rounded","canonical","back","Icons.chevron_left_rounded","no","Back action is present."
"vit_header","flutter_app/lib/features/launchpad/presentation/pages/launchpad_rebalance_page.dart","116","_LaunchpadRebalancePageState","VitHeader","showBack","-","Icons.chevron_left_rounded","canonical","back","Icons.chevron_left_rounded","no","Back action is present."
"vit_header","flutter_app/lib/features/launchpad/presentation/pages/launchpad_receipt_page.dart","61","LaunchpadReceiptPage","VitHeader","showBack","-","Icons.chevron_left_rounded","canonical","back","Icons.chevron_left_rounded","no","Back action is present."
"vit_header","flutter_app/lib/features/launchpad/presentation/pages/launchpad_risk_analytics_page.dart","72","_LaunchpadRiskAnalyticsPageState","VitHeader","showBack","-","Icons.chevron_left_rounded","canonical","back","Icons.chevron_left_rounded","no","Back action is present."
"vit_header","flutter_app/lib/features/launchpad/presentation/pages/launchpad_staking_page_part_01.dart","23","_LaunchpadStakingPageState","VitHeader","showBack","-","Icons.chevron_left_rounded","canonical","back","Icons.chevron_left_rounded","no","Back action is present."
"vit_header","flutter_app/lib/features/launchpad/presentation/pages/launchpad_swap_aggregator_page.dart","116","_LaunchpadSwapAggregatorPageState","VitHeader","showBack","-","Icons.chevron_left_rounded","canonical","back","Icons.chevron_left_rounded","no","Back action is present."
"vit_header","flutter_app/lib/features/launchpad/presentation/pages/launchpad_webhooks_page.dart","148","_LaunchpadWebhooksPageState","VitHeader","showBack","-","Icons.chevron_left_rounded","canonical","back","Icons.chevron_left_rounded","no","Back action is present."
"vit_header","flutter_app/lib/features/markets/presentation/pages/advanced_charts_page_part_01.dart","31","_AdvancedChartsPageState","VitHeader","showBack","-","Icons.chevron_left_rounded","canonical","back","Icons.chevron_left_rounded","no","Back action is present."
"vit_header","flutter_app/lib/features/markets/presentation/pages/comparison_tool_page.dart","102","_ComparisonToolPageState","VitHeader","showBack","-","Icons.chevron_left_rounded","canonical","back","Icons.chevron_left_rounded","no","Back action is present."
"vit_header","flutter_app/lib/features/markets/presentation/pages/derivatives_overview_page.dart","61","_DerivativesOverviewPageState","VitHeader","showBack","-","Icons.chevron_left_rounded","canonical","back","Icons.chevron_left_rounded","no","Back action is present."
"vit_header","flutter_app/lib/features/markets/presentation/pages/market_calendar_page.dart","84","_MarketCalendarPageState","VitHeader","showBack","-","Icons.chevron_left_rounded","canonical","back","Icons.chevron_left_rounded","no","Back action is present."
"vit_header","flutter_app/lib/features/markets/presentation/pages/market_correlations_page.dart","95","_MarketCorrelationsPageState","VitHeader","showBack","-","Icons.chevron_left_rounded","canonical","back","Icons.chevron_left_rounded","no","Back action is present."
"vit_header","flutter_app/lib/features/markets/presentation/pages/market_depth_page.dart","74","_MarketDepthPageState","VitHeader","showBack","-","Icons.chevron_left_rounded","canonical","back","Icons.chevron_left_rounded","no","Back action is present."
"vit_header","flutter_app/lib/features/markets/presentation/pages/market_heatmap_page.dart","68","_MarketHeatmapPageState","VitHeader","showBack","-","Icons.chevron_left_rounded","canonical","back","Icons.chevron_left_rounded","no","Back action is present."
"vit_header","flutter_app/lib/features/markets/presentation/pages/market_movers_page.dart","146","_MarketMoversPageState","VitHeader","showBack","-","Icons.chevron_left_rounded","canonical","back","Icons.chevron_left_rounded","no","Back action is present."
"vit_header","flutter_app/lib/features/markets/presentation/pages/market_news_page.dart","74","_MarketNewsPageState","VitHeader","showBack","-","Icons.chevron_left_rounded","canonical","back","Icons.chevron_left_rounded","no","Back action is present."
"vit_header","flutter_app/lib/features/markets/presentation/pages/market_overview_page.dart","68","MarketOverviewPage","VitHeader","showBack","-","Icons.chevron_left_rounded","canonical","back","Icons.chevron_left_rounded","no","Back action is present."
"vit_header","flutter_app/lib/features/markets/presentation/pages/market_screener_page.dart","193","_MarketScreenerPageState","VitHeader","showBack","-","Icons.chevron_left_rounded","canonical","back","Icons.chevron_left_rounded","no","Back action is present."
"vit_header","flutter_app/lib/features/markets/presentation/pages/market_sectors_page.dart","82","_MarketSectorsPageState","VitHeader","showBack","-","Icons.chevron_left_rounded","canonical","back","Icons.chevron_left_rounded","no","Back action is present."
"vit_header","flutter_app/lib/features/markets/presentation/pages/portfolio_tracker_page_part_01.dart","28","_PortfolioTrackerPageState","VitHeader","showBack","-","Icons.chevron_left_rounded","canonical","back","Icons.chevron_left_rounded","no","Back action is present."
"vit_header","flutter_app/lib/features/markets/presentation/pages/price_alerts_page.dart","185","_PriceAlertsPageState","VitHeader","showBack","-","Icons.chevron_left_rounded","canonical","back","Icons.chevron_left_rounded","no","Back action is present."
"vit_header","flutter_app/lib/features/markets/presentation/pages/social_sentiment_page.dart","157","_SocialSentimentPageState","VitHeader","showBack","-","Icons.chevron_left_rounded","canonical","back","Icons.chevron_left_rounded","no","Back action is present."
"vit_header","flutter_app/lib/features/markets/presentation/pages/social_signals_page_part_01.dart","32","_SocialSignalsPageState","VitHeader","showBack","-","Icons.chevron_left_rounded","canonical","back","Icons.chevron_left_rounded","no","Back action is present."
"vit_header","flutter_app/lib/features/markets/presentation/pages/token_info_page.dart","135","_TokenInfoPageState","VitHeader","showBack","-","Icons.chevron_left_rounded","canonical","back","Icons.chevron_left_rounded","no","Back action is present."
"vit_header","flutter_app/lib/features/markets/presentation/pages/token_unlocks_page_part_01.dart","30","_TokenUnlocksPageState","VitHeader","showBack","-","Icons.chevron_left_rounded","canonical","back","Icons.chevron_left_rounded","no","Back action is present."
"vit_header","flutter_app/lib/features/markets/presentation/pages/watchlist_page.dart","174","_WatchlistPageState","VitHeader","showBack","-","Icons.chevron_left_rounded","canonical","back","Icons.chevron_left_rounded","no","Back action is present."
"custom_header","flutter_app/lib/features/markets/presentation/widgets/market_list_header.dart","6","MarketListHeader","MarketListHeader","custom_header","MarketListHeader","VitHeaderActionType.analytics","canonical_action_type","analytics","Icons.bar_chart_rounded","no","Uses canonical VitHeaderActionButton catalog type."
"custom_header","flutter_app/lib/features/markets/presentation/widgets/market_list_header.dart","6","MarketListHeader","MarketListHeader","custom_header","MarketListHeader","VitHeaderActionType.overview","canonical_action_type","overview","Icons.monitor_heart_outlined","no","Uses canonical VitHeaderActionButton catalog type."
"custom_header","flutter_app/lib/features/markets/presentation/widgets/market_list_header.dart","6","MarketListHeader","MarketListHeader","custom_header","MarketListHeader","VitHeaderActionType.sectors","canonical_action_type","sectors","Icons.layers_rounded","no","Uses canonical VitHeaderActionButton catalog type."
"custom_header","flutter_app/lib/features/markets/presentation/widgets/pair_detail_header_widgets.dart","3","_PairHeader","_PairHeader","custom_header","_PairHeader","VitHeaderActionType.back","canonical_action_type","back","Icons.chevron_left_rounded","no","Uses canonical VitHeaderActionButton catalog type."
"custom_header","flutter_app/lib/features/markets/presentation/widgets/pair_detail_header_widgets.dart","3","_PairHeader","_PairHeader","custom_header","_PairHeader","VitHeaderActionType.favoriteOff","canonical_action_type","favoriteOff","Icons.star_border_rounded","no","Uses canonical VitHeaderActionButton catalog type."
"custom_header","flutter_app/lib/features/markets/presentation/widgets/pair_detail_header_widgets.dart","3","_PairHeader","_PairHeader","custom_header","_PairHeader","VitHeaderActionType.favoriteOn","canonical_action_type","favoriteOn","Icons.star_rounded","no","Uses canonical VitHeaderActionButton catalog type."
"custom_header","flutter_app/lib/features/markets/presentation/widgets/pair_detail_header_widgets.dart","3","_PairHeader","_PairHeader","custom_header","_PairHeader","VitHeaderActionType.share","canonical_action_type","share","Icons.share_outlined","no","Uses canonical VitHeaderActionButton catalog type."
"vit_header","flutter_app/lib/features/news/presentation/pages/news_page.dart","79","_NewsPageState","VitHeader","showBack","-","Icons.chevron_left_rounded","canonical","back","Icons.chevron_left_rounded","no","Back action is present."
"vit_header","flutter_app/lib/features/notifications/presentation/pages/notifications_page.dart","75","_NotificationsPageState","VitHeader","showBack","-","Icons.chevron_left_rounded","canonical","back","Icons.chevron_left_rounded","no","Back action is present."
"vit_header","flutter_app/lib/features/p2p/presentation/pages/p2p_2fa_settings_page.dart","90","_P2P2FASettingsPageState","VitHeader","showBack","-","Icons.chevron_left_rounded","canonical","back","Icons.chevron_left_rounded","no","Back action is present."
"vit_header","flutter_app/lib/features/p2p/presentation/pages/p2p_achievements_page.dart","61","P2PAchievementsPage","VitHeader","showBack","-","Icons.chevron_left_rounded","canonical","back","Icons.chevron_left_rounded","no","Back action is present."
"vit_header","flutter_app/lib/features/p2p/presentation/pages/p2p_ad_analytics_page.dart","79","P2PAdAnalyticsPage","VitHeader","showBack","-","Icons.chevron_left_rounded","canonical","back","Icons.chevron_left_rounded","no","Back action is present."
"vit_header","flutter_app/lib/features/p2p/presentation/pages/p2p_ad_detail_page.dart","73","_P2PAdDetailPageState","VitHeader","showBack","-","Icons.chevron_left_rounded","canonical","back","Icons.chevron_left_rounded","no","Back action is present."
"vit_header","flutter_app/lib/features/p2p/presentation/pages/p2p_address_proof_page.dart","81","_P2PAddressProofPageState","VitHeader","showBack","-","Icons.chevron_left_rounded","canonical","back","Icons.chevron_left_rounded","no","Back action is present."
"vit_header","flutter_app/lib/features/p2p/presentation/pages/p2p_aml_screening_page.dart","53","P2PAmlScreeningPage","VitHeader","showBack","-","Icons.chevron_left_rounded","canonical","back","Icons.chevron_left_rounded","no","Back action is present."
"vit_header","flutter_app/lib/features/p2p/presentation/pages/p2p_anti_phishing_code_page.dart","92","_P2PAntiPhishingCodePageState","VitHeader","showBack","-","Icons.chevron_left_rounded","canonical","back","Icons.chevron_left_rounded","no","Back action is present."
"vit_header","flutter_app/lib/features/p2p/presentation/pages/p2p_blacklist_add_page.dart","86","_P2PBlacklistAddPageState","VitHeader","showBack","-","Icons.chevron_left_rounded","canonical","back","Icons.chevron_left_rounded","no","Back action is present."
"vit_header","flutter_app/lib/features/p2p/presentation/pages/p2p_blacklist_page.dart","88","_P2PBlacklistPageState","VitHeader","showBack","-","Icons.chevron_left_rounded","canonical","back","Icons.chevron_left_rounded","no","Back action is present."
"vit_header","flutter_app/lib/features/p2p/presentation/pages/p2p_claim_detail_page_part_01.dart","32","_P2PClaimDetailPageState","VitHeader","showBack","-","Icons.chevron_left_rounded","canonical","back","Icons.chevron_left_rounded","no","Back action is present."
"vit_header","flutter_app/lib/features/p2p/presentation/pages/p2p_compliance_overview_page.dart","56","P2PComplianceOverviewPage","VitHeader","showBack","-","Icons.chevron_left_rounded","canonical","back","Icons.chevron_left_rounded","no","Back action is present."
"vit_header","flutter_app/lib/features/p2p/presentation/pages/p2p_contribution_history_page.dart","63","_P2PContributionHistoryPageState","VitHeader","showBack","-","Icons.chevron_left_rounded","canonical","back","Icons.chevron_left_rounded","no","Back action is present."
"vit_header","flutter_app/lib/features/p2p/presentation/pages/p2p_create_ad_page.dart","124","_P2PCreateAdPageState","VitHeader","showBack","-","Icons.chevron_left_rounded","canonical","back","Icons.chevron_left_rounded","no","Back action is present."
"vit_header","flutter_app/lib/features/p2p/presentation/pages/p2p_dashboard_page.dart","85","_P2PDashboardPageState","VitHeader","showBack","-","Icons.chevron_left_rounded","canonical","back","Icons.chevron_left_rounded","no","Back action is present."
"vit_header","flutter_app/lib/features/p2p/presentation/pages/p2p_device_management_page.dart","90","_P2PDeviceManagementPageState","VitHeader","showBack","-","Icons.chevron_left_rounded","canonical","back","Icons.chevron_left_rounded","no","Back action is present."
"vit_header","flutter_app/lib/features/p2p/presentation/pages/p2p_dispute_detail_page.dart","92","_P2PDisputeDetailPageState","VitHeader","showBack","-","Icons.chevron_left_rounded","canonical","back","Icons.chevron_left_rounded","no","Back action is present."
"vit_header","flutter_app/lib/features/p2p/presentation/pages/p2p_dispute_evidence_page.dart","73","_P2PDisputeEvidencePageState","VitHeader","showBack","-","Icons.chevron_left_rounded","canonical","back","Icons.chevron_left_rounded","no","Back action is present."
"vit_header","flutter_app/lib/features/p2p/presentation/pages/p2p_dispute_page.dart","80","_P2PDisputePageState","VitHeader","showBack","-","Icons.chevron_left_rounded","canonical","back","Icons.chevron_left_rounded","no","Back action is present."
"vit_header","flutter_app/lib/features/p2p/presentation/pages/p2p_dispute_resolution_page.dart","70","_P2PDisputeResolutionPageState","VitHeader","showBack","-","Icons.chevron_left_rounded","canonical","back","Icons.chevron_left_rounded","no","Back action is present."
"vit_header","flutter_app/lib/features/p2p/presentation/pages/p2p_disputes_page.dart","49","P2PDisputesPage","VitHeader","showBack","-","Icons.chevron_left_rounded","canonical","back","Icons.chevron_left_rounded","no","Back action is present."
"vit_header","flutter_app/lib/features/p2p/presentation/pages/p2p_e2e_info_page.dart","68","P2PE2EInfoPage","VitHeader","showBack","-","Icons.chevron_left_rounded","canonical","back","Icons.chevron_left_rounded","no","Back action is present."
"vit_header","flutter_app/lib/features/p2p/presentation/pages/p2p_escrow_balance_page.dart","94","_P2PEscrowBalancePageState","VitHeader","showBack","-","Icons.chevron_left_rounded","canonical","back","Icons.chevron_left_rounded","no","Back action is present."
"vit_header","flutter_app/lib/features/p2p/presentation/pages/p2p_escrow_detail_page.dart","85","_P2PEscrowDetailPageState","VitHeader","showBack","-","Icons.chevron_left_rounded","canonical","back","Icons.chevron_left_rounded","no","Back action is present."
"vit_header","flutter_app/lib/features/p2p/presentation/pages/p2p_express_confirm_page.dart","92","_P2PExpressConfirmPageState","VitHeader","showBack","-","Icons.chevron_left_rounded","canonical","back","Icons.chevron_left_rounded","no","Back action is present."
"vit_header","flutter_app/lib/features/p2p/presentation/pages/p2p_fraud_prevention_page.dart","87","_P2PFraudPreventionPageState","VitHeader","showBack","-","Icons.chevron_left_rounded","canonical","back","Icons.chevron_left_rounded","no","Back action is present."
"vit_header","flutter_app/lib/features/p2p/presentation/pages/p2p_fund_lock_history_page.dart","58","P2PFundLockHistoryPage","VitHeader","showBack","-","Icons.chevron_left_rounded","canonical","back","Icons.chevron_left_rounded","no","Back action is present."
"vit_header","flutter_app/lib/features/p2p/presentation/pages/p2p_guide_page.dart","67","_P2PGuidePageState","VitHeader","showBack","-","Icons.chevron_left_rounded","canonical","back","Icons.chevron_left_rounded","no","Back action is present."
"vit_header","flutter_app/lib/features/p2p/presentation/pages/p2p_identity_verification_page.dart","75","_P2PIdentityVerificationPageState","VitHeader","showBack","-","Icons.chevron_left_rounded","canonical","back","Icons.chevron_left_rounded","no","Back action is present."
"vit_header","flutter_app/lib/features/p2p/presentation/pages/p2p_insurance_certificate_page.dart","68","_P2PInsuranceCertificatePageState","VitHeader","showBack","-","Icons.chevron_left_rounded","canonical","back","Icons.chevron_left_rounded","no","Back action is present."
"vit_header","flutter_app/lib/features/p2p/presentation/pages/p2p_insurance_fund_page.dart","84","_P2PInsuranceFundPageState","VitHeader","showBack","-","Icons.chevron_left_rounded","canonical","back","Icons.chevron_left_rounded","no","Back action is present."
"vit_header","flutter_app/lib/features/p2p/presentation/pages/p2p_insurance_policy_page.dart","45","P2PInsurancePolicyPage","VitHeader","showBack","-","Icons.chevron_left_rounded","canonical","back","Icons.chevron_left_rounded","no","Back action is present."
"vit_header","flutter_app/lib/features/p2p/presentation/pages/p2p_insurance_score_page.dart","48","P2PInsuranceScorePage","VitHeader","showBack","-","Icons.chevron_left_rounded","canonical","back","Icons.chevron_left_rounded","no","Back action is present."
"vit_header","flutter_app/lib/features/p2p/presentation/pages/p2p_kyc_requirements_page.dart","63","P2PKycRequirementsPage","VitHeader","showBack","-","Icons.chevron_left_rounded","canonical","back","Icons.chevron_left_rounded","no","Back action is present."
"vit_header","flutter_app/lib/features/p2p/presentation/pages/p2p_kyc_status_page.dart","60","P2PKycStatusPage","VitHeader","showBack","-","Icons.chevron_left_rounded","canonical","back","Icons.chevron_left_rounded","no","Back action is present."
"vit_header","flutter_app/lib/features/p2p/presentation/pages/p2p_large_transaction_justification_page.dart","91","_P2PLargeTransactionJustificationPageState","VitHeader","showBack","-","Icons.chevron_left_rounded","canonical","back","Icons.chevron_left_rounded","no","Back action is present."
"vit_header","flutter_app/lib/features/p2p/presentation/pages/p2p_limit_tracker_page.dart","67","_P2PLimitTrackerPageState","VitHeader","showBack","-","Icons.chevron_left_rounded","canonical","back","Icons.chevron_left_rounded","no","Back action is present."
"vit_header","flutter_app/lib/features/p2p/presentation/pages/p2p_login_history_page.dart","82","_P2PLoginHistoryPageState","VitHeader","showBack","-","Icons.chevron_left_rounded","canonical","back","Icons.chevron_left_rounded","no","Back action is present."
"vit_header","flutter_app/lib/features/p2p/presentation/pages/p2p_merchant_apply_page_part_01.dart","48","_P2PMerchantApplyPageState","VitHeader","showBack","-","Icons.chevron_left_rounded","canonical","back","Icons.chevron_left_rounded","no","Back action is present."
"vit_header","flutter_app/lib/features/p2p/presentation/pages/p2p_merchant_profile_page.dart","83","_P2PMerchantProfilePageState","VitHeader","showBack","-","Icons.chevron_left_rounded","canonical","back","Icons.chevron_left_rounded","no","Back action is present."
"vit_header","flutter_app/lib/features/p2p/presentation/pages/p2p_my_ads_page.dart","93","_P2PMyAdsPageState","VitHeader","showBack","-","Icons.chevron_left_rounded","canonical","back","Icons.chevron_left_rounded","no","Back action is present."
"vit_header","flutter_app/lib/features/p2p/presentation/pages/p2p_my_orders_page.dart","86","_P2PMyOrdersPageState","VitHeader","showBack","-","Icons.chevron_left_rounded","canonical","back","Icons.chevron_left_rounded","no","Back action is present."
"vit_header","flutter_app/lib/features/p2p/presentation/pages/p2p_notifications_settings_page.dart","68","_P2PNotificationsSettingsPageState","VitHeader","showBack","-","Icons.chevron_left_rounded","canonical","back","Icons.chevron_left_rounded","no","Back action is present."
"vit_header","flutter_app/lib/features/p2p/presentation/pages/p2p_order_book_page.dart","74","_P2POrderBookPageState","VitHeader","showBack","-","Icons.chevron_left_rounded","canonical","back","Icons.chevron_left_rounded","no","Back action is present."
"vit_header","flutter_app/lib/features/p2p/presentation/pages/p2p_order_cancel_page.dart","62","_P2POrderCancelPageState","VitHeader","showBack","-","Icons.chevron_left_rounded","canonical","back","Icons.chevron_left_rounded","no","Back action is present."
"vit_header","flutter_app/lib/features/p2p/presentation/pages/p2p_order_proof_page.dart","73","_P2POrderProofPageState","VitHeader","showBack","-","Icons.chevron_left_rounded","canonical","back","Icons.chevron_left_rounded","no","Back action is present."
"vit_header","flutter_app/lib/features/p2p/presentation/pages/p2p_order_rate_page.dart","82","_P2POrderRatePageState","VitHeader","showBack","-","Icons.chevron_left_rounded","canonical","back","Icons.chevron_left_rounded","no","Back action is present."
"vit_header","flutter_app/lib/features/p2p/presentation/pages/p2p_order_timeline_page.dart","49","P2POrderTimelinePage","VitHeader","showBack","-","Icons.chevron_left_rounded","canonical","back","Icons.chevron_left_rounded","no","Back action is present."
"vit_header","flutter_app/lib/features/p2p/presentation/pages/p2p_payment_method_add_page.dart","106","_P2PPaymentMethodAddPageState","VitHeader","showBack","-","Icons.chevron_left_rounded","canonical","back","Icons.chevron_left_rounded","no","Back action is present."
"vit_header","flutter_app/lib/features/p2p/presentation/pages/p2p_payment_method_cooling_period_page.dart","54","P2PPaymentMethodCoolingPeriodPage","VitHeader","showBack","-","Icons.chevron_left_rounded","canonical","back","Icons.chevron_left_rounded","no","Back action is present."
"vit_header","flutter_app/lib/features/p2p/presentation/pages/p2p_payment_method_history_page.dart","50","P2PPaymentMethodHistoryPage","VitHeader","showBack","-","Icons.chevron_left_rounded","canonical","back","Icons.chevron_left_rounded","no","Back action is present."
"vit_header","flutter_app/lib/features/p2p/presentation/pages/p2p_payment_method_ownership_page.dart","78","_P2PPaymentMethodOwnershipPageState","VitHeader","showBack","-","Icons.chevron_left_rounded","canonical","back","Icons.chevron_left_rounded","no","Back action is present."
"vit_header","flutter_app/lib/features/p2p/presentation/pages/p2p_payment_method_verification_page.dart","84","_P2PPaymentMethodVerificationPageState","VitHeader","showBack","-","Icons.chevron_left_rounded","canonical","back","Icons.chevron_left_rounded","no","Back action is present."
"vit_header","flutter_app/lib/features/p2p/presentation/pages/p2p_payment_methods_page.dart","90","_P2PPaymentMethodsPageState","VitHeader","showBack","-","Icons.chevron_left_rounded","canonical","back","Icons.chevron_left_rounded","no","Back action is present."
"vit_header","flutter_app/lib/features/p2p/presentation/pages/p2p_report_merchant_page.dart","84","_P2PReportMerchantPageState","VitHeader","showBack","-","Icons.chevron_left_rounded","canonical","back","Icons.chevron_left_rounded","no","Back action is present."
"vit_header","flutter_app/lib/features/p2p/presentation/pages/p2p_reviews_page.dart","60","_P2PReviewsPageState","VitHeader","showBack","-","Icons.chevron_left_rounded","canonical","back","Icons.chevron_left_rounded","no","Back action is present."
"vit_header","flutter_app/lib/features/p2p/presentation/pages/p2p_risk_assessment_page.dart","60","P2PRiskAssessmentPage","VitHeader","showBack","-","Icons.chevron_left_rounded","canonical","back","Icons.chevron_left_rounded","no","Back action is present."
"vit_header","flutter_app/lib/features/p2p/presentation/pages/p2p_security_center_page.dart","72","P2PSecurityCenterPage","VitHeader","showBack","-","Icons.chevron_left_rounded","canonical","back","Icons.chevron_left_rounded","no","Back action is present."
"vit_header","flutter_app/lib/features/p2p/presentation/pages/p2p_security_center_page.dart","214","P2PWhitelistModePage","VitHeader","showBack","-","Icons.chevron_left_rounded","canonical","back","Icons.chevron_left_rounded","no","Back action is present."
"vit_header","flutter_app/lib/features/p2p/presentation/pages/p2p_settings_page.dart","83","_P2PSettingsPageState","VitHeader","showBack","-","Icons.chevron_left_rounded","canonical","back","Icons.chevron_left_rounded","no","Back action is present."
"vit_header","flutter_app/lib/features/p2p/presentation/pages/p2p_source_of_funds_page.dart","73","_P2PSourceOfFundsPageState","VitHeader","showBack","-","Icons.chevron_left_rounded","canonical","back","Icons.chevron_left_rounded","no","Back action is present."
"vit_header","flutter_app/lib/features/p2p/presentation/pages/p2p_suspicious_activity_page.dart","73","_P2PSuspiciousActivityPageState","VitHeader","showBack","-","Icons.chevron_left_rounded","canonical","back","Icons.chevron_left_rounded","no","Back action is present."
"vit_header","flutter_app/lib/features/p2p/presentation/pages/p2p_tax_reporting_page.dart","91","_P2PTaxReportingPageState","VitHeader","showBack","-","Icons.chevron_left_rounded","canonical","back","Icons.chevron_left_rounded","no","Back action is present."
"vit_header","flutter_app/lib/features/p2p/presentation/pages/p2p_trading_level_page.dart","49","P2PTradingLevelPage","VitHeader","showBack","-","Icons.chevron_left_rounded","canonical","back","Icons.chevron_left_rounded","no","Back action is present."
"vit_header","flutter_app/lib/features/p2p/presentation/pages/p2p_transaction_limits_page.dart","67","P2PTransactionLimitsPage","VitHeader","showBack","-","Icons.chevron_left_rounded","canonical","back","Icons.chevron_left_rounded","no","Back action is present."
"vit_header","flutter_app/lib/features/p2p/presentation/pages/p2p_video_verification_page.dart","65","_P2PVideoVerificationPageState","VitHeader","showBack","-","Icons.chevron_left_rounded","canonical","back","Icons.chevron_left_rounded","no","Back action is present."
"vit_header","flutter_app/lib/features/p2p/presentation/pages/p2p_wallet_page.dart","89","_P2PWalletPageState","VitHeader","showBack","-","Icons.chevron_left_rounded","canonical","back","Icons.chevron_left_rounded","no","Back action is present."
"vit_header","flutter_app/lib/features/p2p/presentation/pages/p2p_wallet_transfer_page.dart","126","_P2PWalletTransferPageState","VitHeader","showBack","-","Icons.chevron_left_rounded","canonical","back","Icons.chevron_left_rounded","no","Back action is present."
"vit_header","flutter_app/lib/features/p2p/presentation/widgets/p2p_express_page_part_01.dart","49","_P2PExpressPageState","VitHeader","showBack","-","Icons.chevron_left_rounded","canonical","back","Icons.chevron_left_rounded","no","Back action is present."
"vit_header","flutter_app/lib/features/p2p/presentation/widgets/p2p_order_page_part_01.dart","29","_P2POrderPageState","VitHeader","showBack","-","Icons.chevron_left_rounded","canonical","back","Icons.chevron_left_rounded","no","Back action is present."
"vit_header","flutter_app/lib/features/predictions/presentation/pages/prediction_advanced_chart_page_part_01.dart","59","_PredictionAdvancedChartPageState","VitHeader","showBack","-","Icons.chevron_left_rounded","canonical","back","Icons.chevron_left_rounded","no","Back action is present."
"vit_header","flutter_app/lib/features/predictions/presentation/pages/prediction_data_integration_page.dart","95","_PredictionDataIntegrationPageState","VitHeader","showBack","-","Icons.chevron_left_rounded","canonical","back","Icons.chevron_left_rounded","no","Back action is present."
"vit_header","flutter_app/lib/features/predictions/presentation/pages/prediction_market_maker_page.dart","109","_PredictionMarketMakerPageState","VitHeader","showBack","-","Icons.chevron_left_rounded","canonical","back","Icons.chevron_left_rounded","no","Back action is present."
"vit_header","flutter_app/lib/features/predictions/presentation/pages/prediction_portfolio_analyzer_page.dart","71","_PredictionPortfolioAnalyzerPageState","VitHeader","showBack","-","Icons.chevron_left_rounded","canonical","back","Icons.chevron_left_rounded","no","Back action is present."
"vit_header","flutter_app/lib/features/predictions/presentation/pages/prediction_risk_calculator_page.dart","135","_PredictionRiskCalculatorPageState","VitHeader","showBack","-","Icons.chevron_left_rounded","canonical","back","Icons.chevron_left_rounded","no","Back action is present."
"vit_header","flutter_app/lib/features/predictions/presentation/pages/prediction_social_page.dart","92","_PredictionSocialPageState","VitHeader","showBack","-","Icons.chevron_left_rounded","canonical","back","Icons.chevron_left_rounded","no","Back action is present."
"vit_header","flutter_app/lib/features/predictions/presentation/pages/prediction_tournaments_page.dart","71","_PredictionTournamentsPageState","VitHeader","showBack","-","Icons.chevron_left_rounded","canonical","back","Icons.chevron_left_rounded","no","Back action is present."
"vit_header","flutter_app/lib/features/predictions/presentation/pages/predictions_global_activity_page.dart","70","_PredictionsGlobalActivityPageState","VitHeader","showBack","-","Icons.chevron_left_rounded","canonical","back","Icons.chevron_left_rounded","no","Back action is present."
"vit_header","flutter_app/lib/features/predictions/presentation/pages/predictions_leaderboard_page.dart","86","_PredictionsLeaderboardPageState","VitHeader","showBack","-","Icons.chevron_left_rounded","canonical","back","Icons.chevron_left_rounded","no","Back action is present."
"vit_header","flutter_app/lib/features/predictions/presentation/pages/predictions_portfolio_page.dart","81","_PredictionsPortfolioPageState","VitHeader","showBack","-","Icons.chevron_left_rounded","canonical","back","Icons.chevron_left_rounded","no","Back action is present."
"vit_header","flutter_app/lib/features/predictions/presentation/pages/predictions_rewards_page.dart","90","_PredictionsRewardsPageState","VitHeader","showBack","-","Icons.chevron_left_rounded","canonical","back","Icons.chevron_left_rounded","no","Back action is present."
"vit_header","flutter_app/lib/features/predictions/presentation/widgets/prediction_tournaments_detail.dart","35","PredictionTournamentDetailPage","VitHeader","showBack","-","Icons.chevron_left_rounded","canonical","back","Icons.chevron_left_rounded","no","Back action is present."
"vit_header","flutter_app/lib/features/profile/presentation/pages/activity_log_page.dart","76","_ActivityLogPageState","VitHeader","showBack","-","Icons.chevron_left_rounded","canonical","back","Icons.chevron_left_rounded","no","Back action is present."
"vit_header","flutter_app/lib/features/profile/presentation/pages/api_key_create_page.dart","99","_ApiKeyCreatePageState","VitHeader","showBack","-","Icons.chevron_left_rounded","canonical","back","Icons.chevron_left_rounded","no","Back action is present."
"vit_header","flutter_app/lib/features/profile/presentation/pages/api_management_page.dart","78","_ApiManagementPageState","VitHeader","showBack","-","Icons.chevron_left_rounded","canonical","back","Icons.chevron_left_rounded","no","Back action is present."
"vit_header","flutter_app/lib/features/profile/presentation/pages/device_management_page.dart","78","_DeviceManagementPageState","VitHeader","showBack","-","Icons.chevron_left_rounded","canonical","back","Icons.chevron_left_rounded","no","Back action is present."
"vit_header","flutter_app/lib/features/profile/presentation/pages/edit_profile_page.dart","80","_EditProfilePageState","VitHeader","showBack","-","Icons.chevron_left_rounded","canonical","back","Icons.chevron_left_rounded","no","Back action is present."
"vit_header","flutter_app/lib/features/profile/presentation/pages/kyc_page.dart","68","_KYCPageState","VitHeader","showBack","-","Icons.chevron_left_rounded","canonical","back","Icons.chevron_left_rounded","no","Back action is present."
"vit_header","flutter_app/lib/features/profile/presentation/pages/security_page.dart","108","_SecurityPageState","VitHeader","showBack","-","Icons.chevron_left_rounded","canonical","back","Icons.chevron_left_rounded","no","Back action is present."
"vit_header","flutter_app/lib/features/profile/presentation/pages/settings_page.dart","66","_SettingsPageState","VitHeader","showBack","-","Icons.chevron_left_rounded","canonical","back","Icons.chevron_left_rounded","no","Back action is present."
"vit_header","flutter_app/lib/features/profile/presentation/pages/sub_account_page.dart","74","_SubAccountPageState","VitHeader","showBack","-","Icons.chevron_left_rounded","canonical","back","Icons.chevron_left_rounded","no","Back action is present."
"vit_header","flutter_app/lib/features/profile/presentation/pages/vip_page.dart","75","_VIPPageState","VitHeader","showBack","-","Icons.chevron_left_rounded","canonical","back","Icons.chevron_left_rounded","no","Back action is present."
"vit_header","flutter_app/lib/features/referral/presentation/pages/referral_friend_detail_page.dart","33","ReferralFriendDetailPage","VitHeader","showBack","-","Icons.chevron_left_rounded","canonical","back","Icons.chevron_left_rounded","no","Back action is present."
"vit_header","flutter_app/lib/features/referral/presentation/pages/referral_history_page.dart","80","_ReferralHistoryPageState","VitHeader","showBack","-","Icons.chevron_left_rounded","canonical","back","Icons.chevron_left_rounded","no","Back action is present."
"vit_header","flutter_app/lib/features/referral/presentation/pages/referral_home_page.dart","81","_ReferralHomePageState","VitHeader","showBack","-","Icons.chevron_left_rounded","canonical","back","Icons.chevron_left_rounded","no","Back action is present."
"vit_header","flutter_app/lib/features/referral/presentation/pages/referral_rewards_page_part_01.dart","25","_ReferralRewardsPageState","VitHeader","showBack","-","Icons.chevron_left_rounded","canonical","back","Icons.chevron_left_rounded","no","Back action is present."
"vit_header","flutter_app/lib/features/referral/presentation/pages/referral_rules_page.dart","64","_ReferralRulesPageState","VitHeader","showBack","-","Icons.chevron_left_rounded","canonical","back","Icons.chevron_left_rounded","no","Back action is present."
"vit_header","flutter_app/lib/features/rewards/presentation/pages/rewards_hub_page_part_01.dart","40","_RewardsHubPageState","VitHeader","showBack","-","Icons.chevron_left_rounded","canonical","back","Icons.chevron_left_rounded","no","Back action is present."
"vit_header","flutter_app/lib/features/support/presentation/pages/announcements_page.dart","77","_AnnouncementsPageState","VitHeader","showBack","-","Icons.chevron_left_rounded","canonical","back","Icons.chevron_left_rounded","no","Back action is present."
"vit_header","flutter_app/lib/features/support/presentation/pages/help_center_page.dart","84","_HelpCenterPageState","VitHeader","showBack","-","Icons.chevron_left_rounded","canonical","back","Icons.chevron_left_rounded","no","Back action is present."
"vit_header","flutter_app/lib/features/support/presentation/pages/support_page.dart","89","_SupportPageState","VitHeader","showBack","-","Icons.chevron_left_rounded","canonical","back","Icons.chevron_left_rounded","no","Back action is present."
"vit_header","flutter_app/lib/features/trade/presentation/pages/advanced_analytics_page_part_01.dart","24","_AdvancedAnalyticsPageState","VitHeader","showBack","-","Icons.chevron_left_rounded","canonical","back","Icons.chevron_left_rounded","no","Back action is present."
"vit_header","flutter_app/lib/features/trade/presentation/pages/advanced_tools_demo_page.dart","79","_AdvancedToolsDemoPageState","VitHeader","showBack","-","Icons.chevron_left_rounded","canonical","back","Icons.chevron_left_rounded","no","Back action is present."
"vit_header","flutter_app/lib/features/trade/presentation/pages/advanced_trading_demo_page.dart","73","_AdvancedTradingDemoPageState","VitHeader","showBack","-","Icons.chevron_left_rounded","canonical","back","Icons.chevron_left_rounded","no","Back action is present."
"vit_header","flutter_app/lib/features/trade/presentation/pages/bot_backtesting_page.dart","87","_BotBacktestingPageState","VitHeader","showBack","-","Icons.chevron_left_rounded","canonical","back","Icons.chevron_left_rounded","no","Back action is present."
"vit_header","flutter_app/lib/features/trade/presentation/pages/bot_emergency_stop_page.dart","75","_BotEmergencyStopPageState","VitHeader","showBack","-","Icons.chevron_left_rounded","canonical","back","Icons.chevron_left_rounded","no","Back action is present."
"vit_header","flutter_app/lib/features/trade/presentation/pages/bot_optimization_page.dart","67","_BotOptimizationPageState","VitHeader","showBack","-","Icons.chevron_left_rounded","canonical","back","Icons.chevron_left_rounded","no","Back action is present."
"vit_header","flutter_app/lib/features/trade/presentation/pages/bot_tax_reporting_page.dart","87","_BotTaxReportingPageState","VitHeader","showBack","-","Icons.chevron_left_rounded","canonical","back","Icons.chevron_left_rounded","no","Back action is present."
"vit_header","flutter_app/lib/features/trade/presentation/pages/copy_configuration_page.dart","121","_CopyConfigurationPageState","VitHeader","showBack","-","Icons.chevron_left_rounded","canonical","back","Icons.chevron_left_rounded","no","Back action is present."
"vit_header","flutter_app/lib/features/trade/presentation/pages/copy_confirmation_page.dart","83","_CopyConfirmationPageState","VitHeader","showBack","-","Icons.chevron_left_rounded","canonical","back","Icons.chevron_left_rounded","no","Back action is present."
"vit_header","flutter_app/lib/features/trade/presentation/pages/copy_trading_card_demo.dart","51","CopyTradingCardDemo","VitHeader","showBack","-","Icons.chevron_left_rounded","canonical","back","Icons.chevron_left_rounded","no","Back action is present."
"vit_header","flutter_app/lib/features/trade/presentation/pages/execution_quality_demo_page.dart","76","_ExecutionQualityDemoPageState","VitHeader","showBack","-","Icons.chevron_left_rounded","canonical","back","Icons.chevron_left_rounded","no","Back action is present."
"vit_header","flutter_app/lib/features/trade/presentation/pages/live_market_data_analytics_page.dart","51","_LiveMarketDataAnalyticsPageState","VitHeader","showBack","-","Icons.chevron_left_rounded","canonical","back","Icons.chevron_left_rounded","no","Back action is present."
"vit_header","flutter_app/lib/features/trade/presentation/pages/market_data_analytics_page_part_01.dart","24","_MarketDataAnalyticsPageState","VitHeader","showBack","-","Icons.chevron_left_rounded","canonical","back","Icons.chevron_left_rounded","no","Back action is present."
"vit_header","flutter_app/lib/features/trade/presentation/pages/order_receipt_page.dart","75","_OrderReceiptPageState","VitHeader","showBack","-","Icons.chevron_left_rounded","canonical","back","Icons.chevron_left_rounded","no","Back action is present."
"vit_header","flutter_app/lib/features/trade/presentation/pages/provider_application_page.dart","99","_ProviderApplicationPageState","VitHeader","showBack","-","Icons.chevron_left_rounded","canonical","back","Icons.chevron_left_rounded","no","Back action is present."
"vit_header","flutter_app/lib/features/trade/presentation/pages/risk_management_demo_page.dart","78","_RiskManagementDemoPageState","VitHeader","showBack","-","Icons.chevron_left_rounded","canonical","back","Icons.chevron_left_rounded","no","Back action is present."
"vit_header","flutter_app/lib/features/trade/presentation/pages/trade_history_export_page.dart","93","_TradeHistoryExportPageState","VitHeader","showBack","-","Icons.chevron_left_rounded","canonical","back","Icons.chevron_left_rounded","no","Back action is present."
"vit_header","flutter_app/lib/features/wallet/presentation/pages/address_add_page.dart","96","_AddressAddPageState","VitHeader","showBack","-","Icons.chevron_left_rounded","canonical","back","Icons.chevron_left_rounded","no","Back action is present."
"vit_header","flutter_app/lib/features/wallet/presentation/pages/address_book_page.dart","90","_AddressBookPageState","VitHeader","showBack","-","Icons.chevron_left_rounded","canonical","back","Icons.chevron_left_rounded","no","Back action is present."
"vit_header","flutter_app/lib/features/wallet/presentation/pages/network_status_page.dart","124","_NetworkStatusPageState","VitHeader","showBack","-","Icons.chevron_left_rounded","canonical","back","Icons.chevron_left_rounded","no","Back action is present."
"vit_header","flutter_app/lib/features/wallet/presentation/pages/pending_deposits_page.dart","74","_PendingDepositsPageState","VitHeader","showBack","-","Icons.chevron_left_rounded","canonical","back","Icons.chevron_left_rounded","no","Back action is present."
"vit_header","flutter_app/lib/features/wallet/presentation/pages/wallet_gas_optimizer_page.dart","78","_WalletGasOptimizerPageState","VitHeader","showBack","-","Icons.chevron_left_rounded","canonical","back","Icons.chevron_left_rounded","no","Back action is present."
"vit_header","flutter_app/lib/features/wallet/presentation/pages/wallet_token_approval_page.dart","66","_WalletTokenApprovalPageState","VitHeader","showBack","-","Icons.chevron_left_rounded","canonical","back","Icons.chevron_left_rounded","no","Back action is present."
"vit_header","flutter_app/lib/features/wallet/presentation/pages/withdraw_limits_page.dart","59","WithdrawLimitsPage","VitHeader","showBack","-","Icons.chevron_left_rounded","canonical","back","Icons.chevron_left_rounded","no","Back action is present."
"vit_header","flutter_app/lib/features/wallet/presentation/widgets/wallet_address_add_preview.dart","122","AddressSavedState","VitHeader","showBack","-","Icons.chevron_left_rounded","canonical","back","Icons.chevron_left_rounded","no","Back action is present."
"vit_header","flutter_app/lib/features/wallet/presentation/widgets/wallet_health_score_page_shell.dart","21","_WalletHealthScorePageState","VitHeader","showBack","-","Icons.chevron_left_rounded","canonical","back","Icons.chevron_left_rounded","no","Back action is present."
