sc_id,module,page_file,route_path,widget_class,classification,route_file
sc001Login,auth,lib/features/auth/presentation/pages/login_page.dart,/auth/login,LoginPage,real_page,lib/app/router/route_groups/auth_routes.dart
sc002Register,auth,lib/features/auth/presentation/pages/register_page.dart,/auth/register,RegisterPage,real_page,lib/app/router/route_groups/auth_routes.dart
sc003Otp,auth,lib/features/auth/presentation/pages/otp_page.dart,/auth/otp,OtpPage,real_page,lib/app/router/route_groups/auth_routes.dart
sc004TwoFaSetup,auth,lib/features/auth/presentation/pages/two_fa_setup_page.dart,/auth/2fa-setup,TwoFASetupPage,real_page,lib/app/router/route_groups/auth_routes.dart
sc005ForgotPassword,auth,lib/features/auth/presentation/pages/forgot_password_page.dart,/auth/forgot-password,ForgotPasswordPage,real_page,lib/app/router/route_groups/auth_routes.dart
sc006ResetPassword,auth,lib/features/auth/presentation/pages/reset_password_page.dart,/auth/reset-password,ResetPasswordPage,real_page,lib/app/router/route_groups/auth_routes.dart
sc007Home,home,lib/features/home/presentation/pages/home_page.dart,/home,HomePage,real_page,lib/app/router/route_groups/home_routes.dart
sc008MarketList,markets,lib/features/markets/presentation/pages/market_list_page.dart,/markets,MarketListPage,real_page,lib/app/router/route_groups/markets_routes.dart
sc009MarketOverview,markets,lib/features/markets/presentation/pages/market_overview_page.dart,/markets/overview,MarketOverviewPage,real_page,lib/app/router/route_groups/markets_routes.dart
sc010MarketMovers,markets,lib/features/markets/presentation/pages/market_movers_page.dart,/markets/movers,MarketMoversPage,real_page,lib/app/router/route_groups/markets_routes.dart
sc011MarketSectors,markets,lib/features/markets/presentation/pages/market_sectors_page.dart,/markets/sectors,MarketSectorsPage,real_page,lib/app/router/route_groups/markets_routes.dart
sc012Watchlist,markets,lib/features/markets/presentation/pages/watchlist_page.dart,/markets/watchlist,WatchlistPage,real_page,lib/app/router/route_groups/markets_routes.dart
sc013MarketHeatmap,markets,lib/features/markets/presentation/pages/market_heatmap_page.dart,/markets/heatmap,MarketHeatmapPage,real_page,lib/app/router/route_groups/markets_routes.dart
sc014PriceAlerts,markets,lib/features/markets/presentation/pages/price_alerts_page.dart,/markets/alerts,PriceAlertsPage,real_page,lib/app/router/route_groups/markets_routes.dart
sc015MarketScreener,markets,lib/features/markets/presentation/pages/market_screener_page.dart,/markets/screener,MarketScreenerPage,real_page,lib/app/router/route_groups/markets_routes.dart
sc016ComparisonTool,markets,lib/features/markets/presentation/pages/comparison_tool_page.dart,/markets/compare,ComparisonToolPage,real_page,lib/app/router/route_groups/markets_routes.dart
sc017MarketCalendar,markets,lib/features/markets/presentation/pages/market_calendar_page.dart,/markets/calendar,MarketCalendarPage,real_page,lib/app/router/route_groups/markets_routes.dart
sc018DerivativesOverview,markets,lib/features/markets/presentation/pages/derivatives_overview_page.dart,/markets/derivatives,DerivativesOverviewPage,real_page,lib/app/router/route_groups/markets_routes.dart
sc019MarketDepth,markets,lib/features/markets/presentation/pages/market_depth_page.dart,/markets/depth,MarketDepthPage,real_page,lib/app/router/route_groups/markets_routes.dart
sc020SocialSentiment,markets,lib/features/markets/presentation/pages/social_sentiment_page.dart,/markets/social-sentiment,SocialSentimentPage,real_page,lib/app/router/route_groups/markets_routes.dart
sc021PortfolioTracker,markets,lib/features/markets/presentation/pages/portfolio_tracker_page.dart,/markets/portfolio-tracker,PortfolioTrackerPage,real_page,lib/app/router/route_groups/markets_routes.dart
sc022MarketNews,markets,lib/features/markets/presentation/pages/market_news_page.dart,/markets/news,MarketNewsPage,real_page,lib/app/router/route_groups/markets_routes.dart
sc023AdvancedCharts,markets,lib/features/markets/presentation/pages/advanced_charts_page.dart,/markets/advanced-charts,AdvancedChartsPage,real_page,lib/app/router/route_groups/markets_routes.dart
sc024TokenUnlocks,markets,lib/features/markets/presentation/pages/token_unlocks_page.dart,/markets/unlocks,TokenUnlocksPage,real_page,lib/app/router/route_groups/markets_routes.dart
sc025SocialSignals,markets,lib/features/markets/presentation/pages/social_signals_page.dart,/markets/signals,SocialSignalsPage,real_page,lib/app/router/route_groups/markets_routes.dart
sc026MarketCorrelations,markets,lib/features/markets/presentation/pages/market_correlations_page.dart,/markets/correlations,MarketCorrelationsPage,real_page,lib/app/router/route_groups/markets_routes.dart
sc027PredictionsHome,predictions,lib/features/predictions/presentation/pages/predictions_home_page.dart,/markets/predictions,PredictionsHomePage,real_page,lib/app/router/route_groups/predictions_routes.dart
sc028PredictionsSearch,predictions,lib/features/predictions/presentation/pages/predictions_search_page.dart,/markets/predictions/search,PredictionsSearchPage,real_page,lib/app/router/route_groups/predictions_routes.dart
sc029PredictionsBreaking,predictions,lib/features/predictions/presentation/pages/predictions_breaking_page.dart,/markets/predictions/breaking,PredictionsBreakingPage,real_page,lib/app/router/route_groups/predictions_routes.dart
sc030PredictionEventDetail,predictions,lib/features/predictions/presentation/pages/prediction_event_detail_page.dart,/markets/predictions/event/:eventId,PredictionEventDetailPage,real_page,lib/app/router/route_groups/predictions_routes.dart
sc031PredictionsPortfolio,predictions,lib/features/predictions/presentation/pages/predictions_portfolio_page.dart,/markets/predictions/portfolio,PredictionsPortfolioPage,real_page,lib/app/router/route_groups/predictions_routes.dart
sc032PredictionsRewards,predictions,lib/features/predictions/presentation/pages/predictions_rewards_page.dart,/markets/predictions/rewards,PredictionsRewardsPage,real_page,lib/app/router/route_groups/predictions_routes.dart
sc033PredictionsLeaderboard,predictions,lib/features/predictions/presentation/pages/predictions_leaderboard_page.dart,/markets/predictions/leaderboard,PredictionsLeaderboardPage,real_page,lib/app/router/route_groups/predictions_routes.dart
sc034PredictionsGlobalActivity,predictions,lib/features/predictions/presentation/pages/predictions_global_activity_page.dart,/markets/predictions/activity,PredictionsGlobalActivityPage,real_page,lib/app/router/route_groups/predictions_routes.dart
sc035PredictionOrderReceipt,predictions,lib/features/predictions/presentation/pages/prediction_order_receipt_page.dart,/markets/predictions/receipt/:receiptId,PredictionOrderReceiptPage,real_page,lib/app/router/route_groups/predictions_routes.dart
sc036PredictionRiskCalculator,predictions,lib/features/predictions/presentation/pages/prediction_risk_calculator_page.dart,/markets/predictions/risk-calculator,PredictionRiskCalculatorPage,real_page,lib/app/router/route_groups/predictions_routes.dart
sc037PredictionMarketMaker,predictions,lib/features/predictions/presentation/pages/prediction_market_maker_page.dart,/markets/predictions/market-maker,PredictionMarketMakerPage,real_page,lib/app/router/route_groups/predictions_routes.dart
sc038PredictionPortfolioAnalyzer,predictions,lib/features/predictions/presentation/pages/prediction_portfolio_analyzer_page.dart,/markets/predictions/portfolio-analyzer,PredictionPortfolioAnalyzerPage,real_page,lib/app/router/route_groups/predictions_routes.dart
sc039PredictionEventCalendar,predictions,lib/features/predictions/presentation/pages/prediction_event_calendar_page.dart,/markets/predictions/event-calendar,PredictionEventCalendarPage,real_page,lib/app/router/route_groups/predictions_routes.dart
sc040PredictionSocial,predictions,lib/features/predictions/presentation/pages/prediction_social_page.dart,/markets/predictions/social,PredictionSocialPage,real_page,lib/app/router/route_groups/predictions_routes.dart
sc041PredictionAdvancedChart,predictions,lib/features/predictions/presentation/pages/prediction_advanced_chart_page_part_01.dart,/markets/predictions/advanced-chart/:eventId,PredictionAdvancedChartPage,real_page,lib/app/router/route_groups/predictions_routes.dart
sc042PredictionTournaments,predictions,lib/features/predictions/presentation/pages/prediction_tournaments_page.dart,/markets/predictions/tournaments,PredictionTournamentsPage,real_page,lib/app/router/route_groups/predictions_routes.dart
sc043PredictionDataIntegration,predictions,lib/features/predictions/presentation/pages/prediction_data_integration_page.dart,/markets/predictions/data-integration,PredictionDataIntegrationPage,real_page,lib/app/router/route_groups/predictions_routes.dart
sc044PairDetail,markets,lib/features/markets/presentation/pages/pair_detail_page.dart,/pair/:pairId,PairDetailPage,real_page,lib/app/router/route_groups/markets_routes.dart
sc045TokenInfo,markets,lib/features/markets/presentation/pages/token_info_page.dart,/pair/:pairId/info,TokenInfoPage,real_page,lib/app/router/route_groups/markets_routes.dart
sc046PairDepth,markets,lib/features/markets/presentation/pages/market_depth_page.dart,/pair/:pairId/depth,MarketDepthPage,real_page,lib/app/router/route_groups/markets_routes.dart
sc047News,news,lib/features/news/presentation/pages/news_page.dart,/news,NewsPage,real_page,lib/app/router/route_groups/home_routes.dart
sc048Trade,trade,lib/features/trade/presentation/pages/trade_page.dart,/trade,TradePage,real_page,lib/app/router/route_groups/trade_routes.dart
sc049TradePair,trade,lib/features/trade/presentation/pages/trade_page.dart,/trade/:pairId,TradePage,real_page,lib/app/router/route_groups/trade_routes.dart
sc050OrdersHistory,trade,lib/features/trade/presentation/pages/orders_history_page.dart,/trade/orders-history,OrdersHistoryPage,real_page,lib/app/router/route_groups/trade_routes.dart
sc051OrderReceipt,trade,lib/features/trade/presentation/pages/order_receipt_page.dart,/trade/order-receipt,OrderReceiptPage,real_page,lib/app/router/route_groups/trade_routes.dart
sc052TradeSettings,trade,lib/features/trade/presentation/pages/trade_settings_page.dart,/trade/settings,TradeSettingsPage,real_page,lib/app/router/route_groups/trade_routes.dart
sc053PositionDashboard,trade,lib/features/trade/presentation/pages/position_dashboard_page.dart,/trade/positions,PositionDashboardPage,real_page,lib/app/router/route_groups/trade_routes.dart
sc054TradeHistoryExport,trade,lib/features/trade/presentation/pages/trade_history_export_page.dart,/trade/export,TradeHistoryExportPage,real_page,lib/app/router/route_groups/trade_routes.dart
sc055AdvancedChart,trade,lib/features/trade/presentation/pages/advanced_chart_page.dart,/trade/advanced-chart/:pairId,AdvancedChartPage,real_page,lib/app/router/route_groups/trade_routes.dart
sc056Convert,trade,lib/features/trade/presentation/pages/convert_page.dart,/trade/convert,ConvertPage,real_page,lib/app/router/route_groups/trade_routes.dart
sc057Futures,trade,lib/features/trade/presentation/pages/futures_page.dart,/trade/:pairId/futures,FuturesPage,real_page,lib/app/router/route_groups/trade_routes.dart
sc058Leverage,trade,lib/features/trade/presentation/pages/leverage_page.dart,/trade/:pairId/futures/leverage,LeveragePage,real_page,lib/app/router/route_groups/trade_routes.dart
sc059TradingBots,trade,lib/features/trade/presentation/pages/trading_bots_page.dart,/trade/bots,TradingBotsPage,real_page,lib/app/router/route_groups/trade_routes.dart
sc060RiskManagement,trade,lib/features/trade/presentation/pages/risk_management_demo_page.dart,/trade/risk-management,RiskManagementDemoPage,real_page,lib/app/router/route_groups/trade_routes.dart
sc061ExecutionQuality,trade,lib/features/trade/presentation/pages/execution_quality_demo_page.dart,/trade/execution-quality,ExecutionQualityDemoPage,real_page,lib/app/router/route_groups/trade_routes.dart
sc062AdvancedTools,trade,lib/features/trade/presentation/pages/advanced_tools_demo_page.dart,/trade/advanced-tools,AdvancedToolsDemoPage,real_page,lib/app/router/route_groups/trade_routes.dart
sc063CopyTrading,trade,lib/features/trade/presentation/pages/copy_trading_page.dart,/trade/copy-trading,CopyTradingPage,real_page,lib/app/router/route_groups/trade_routes.dart
sc064CopyTradingV2,trade,lib/features/trade/presentation/pages/copy_trading_v2_page.dart,/trade/copy-trading/v2,CopyTradingV2Page,real_page,lib/app/router/route_groups/trade_routes.dart
sc065CopyEducation,trade,lib/features/trade/presentation/pages/copy_education_page.dart,/trade/copy-trading/education,CopyEducationPage,real_page,lib/app/router/route_groups/trade_routes.dart
sc066ActiveCopies,trade,lib/features/trade/presentation/pages/active_copies_page.dart,/trade/copy-trading/active,ActiveCopiesPage,real_page,lib/app/router/route_groups/trade_routes.dart
sc067CopySettings,trade,lib/features/trade/presentation/pages/copy_settings_page.dart,/trade/copy-trading/settings,CopySettingsPage,real_page,lib/app/router/route_groups/trade_routes.dart
sc068CopyNotifications,trade,lib/features/trade/presentation/pages/copy_notifications_page.dart,/trade/copy-trading/notifications,CopyNotificationsPage,real_page,lib/app/router/route_groups/trade_routes.dart
sc069ProviderApplication,trade,lib/features/trade/presentation/pages/provider_application_page.dart,/trade/copy-provider-apply,ProviderApplicationPage,real_page,lib/app/router/route_groups/trade_routes.dart
sc070CopyProviderDetail,trade,lib/features/trade/presentation/pages/copy_provider_detail_page.dart,/trade/copy-provider/:providerId,CopyProviderDetailPage,real_page,lib/app/router/route_groups/trade_routes.dart
sc071PreCopyAssessment,trade,lib/features/trade/presentation/pages/pre_copy_assessment_page.dart,/trade/copy-provider/:providerId/assessment,PreCopyAssessmentPage,real_page,lib/app/router/route_groups/trade_routes.dart
sc072CopyConfiguration,trade,lib/features/trade/presentation/pages/copy_configuration_page.dart,/trade/copy-provider/:providerId/configuration,CopyConfigurationPage,real_page,lib/app/router/route_groups/trade_routes.dart
sc073CopyConfirmation,trade,lib/features/trade/presentation/pages/copy_confirmation_page.dart,/trade/copy-provider/:providerId/confirmation,CopyConfirmationPage,real_page,lib/app/router/route_groups/trade_routes.dart
sc074CopyPerformance,trade,lib/features/trade/presentation/pages/copy_performance_page.dart,/trade/copy-performance/:copyId,CopyPerformancePage,real_page,lib/app/router/route_groups/trade_routes.dart
sc075PerformanceAttribution,trade,lib/features/trade/presentation/pages/performance_attribution_page.dart,/trade/copy-performance/:copyId/attribution,PerformanceAttributionPage,real_page,lib/app/router/route_groups/trade_routes.dart
sc076ProviderComparison,trade,lib/features/trade/presentation/pages/provider_comparison_page.dart,/trade/copy-trading/comparison,ProviderComparisonPage,real_page,lib/app/router/route_groups/trade_routes.dart
sc077CopyAuditLog,trade,lib/features/trade/presentation/pages/copy_audit_log_page.dart,/trade/copy-audit-log/:copyId,CopyAuditLogPage,real_page,lib/app/router/route_groups/trade_routes.dart
sc078PortfolioRiskAnalysis,trade,lib/features/trade/presentation/pages/portfolio_risk_analysis_page.dart,/trade/copy-trading/risk-analysis,PortfolioRiskAnalysisPage,real_page,lib/app/router/route_groups/trade_routes.dart
sc079ProviderLeaderboard,trade,lib/features/trade/presentation/pages/provider_leaderboard_page.dart,/trade/copy-trading/leaderboard,ProviderLeaderboardPage,real_page,lib/app/router/route_groups/trade_routes.dart
sc080SafetyEducation,trade,lib/features/trade/presentation/pages/safety_education_page.dart,/trade/copy-trading/safety,SafetyEducationPage,real_page,lib/app/router/route_groups/trade_routes.dart
sc081ProviderGovernance,trade,lib/features/trade/presentation/pages/provider_governance_page.dart,/trade/copy-provider-governance,ProviderGovernancePage,real_page,lib/app/router/route_groups/trade_routes.dart
sc082DisputeResolution,trade,lib/features/trade/presentation/pages/dispute_resolution_page.dart,/trade/copy-dispute-resolution,DisputeResolutionPage,real_page,lib/app/router/route_groups/trade_routes.dart
sc083CopySafetyCenter,trade,lib/features/trade/presentation/pages/copy_safety_center_page.dart,/trade/copy-safety-center,CopySafetyCenterPage,real_page,lib/app/router/route_groups/trade_routes.dart
sc084RegulatoryDisclosures,trade,lib/features/trade/presentation/pages/regulatory_disclosures_page.dart,/trade/copy-regulatory-disclosures,RegulatoryDisclosuresPage,real_page,lib/app/router/route_groups/trade_routes.dart
sc085MarginTrading,trade,lib/features/trade/presentation/pages/margin_trading_page.dart,/trade/margin,MarginTradingPage,real_page,lib/app/router/route_groups/trade_routes.dart
sc086MarginTradingPair,trade,lib/features/trade/presentation/pages/margin_trading_page.dart,/trade/margin/btcusdt,MarginTradingPage,real_page,lib/app/router/route_groups/trade_routes.dart
sc087TraderProfile,trade,lib/features/trade/presentation/pages/trader_profile_page.dart,/trade/trader/:traderId,TraderProfilePage,real_page,lib/app/router/route_groups/trade_routes.dart
sc088AdvancedTradingDemo,trade,lib/features/trade/presentation/pages/advanced_trading_demo_page.dart,/trade/margin/advanced-demo,AdvancedTradingDemoPage,real_page,lib/app/router/route_groups/trade_routes.dart
sc089MarketDataAnalytics,trade,lib/features/trade/presentation/pages/market_data_analytics_page.dart,/trade/margin/market-data-analytics,MarketDataAnalyticsPage,real_page,lib/app/router/route_groups/trade_routes.dart
sc090MarginTradingHub,trade,lib/features/trade/presentation/pages/margin_trading_hub_page.dart,/trade/margin/hub,MarginTradingHubPage,real_page,lib/app/router/route_groups/trade_routes.dart
sc091LiveMarketDataAnalytics,trade,lib/features/trade/presentation/pages/live_market_data_analytics_page.dart,/trade/margin/live-market-data-analytics,LiveMarketDataAnalyticsPage,real_page,lib/app/router/route_groups/trade_routes.dart
sc092AdvancedAnalytics,trade,lib/features/trade/presentation/pages/advanced_analytics_page.dart,/trade/margin/advanced-analytics,AdvancedAnalyticsPage,real_page,lib/app/router/route_groups/trade_routes.dart
sc093TransactionReporting,trade,lib/features/trade/presentation/pages/transaction_reporting_page.dart,/trade/copy-trading/transaction-reporting,TransactionReportingPage,real_page,lib/app/router/route_groups/trade_routes.dart
sc094RegulatoryReportsDashboard,trade,lib/features/trade/presentation/pages/regulatory_reports_dashboard_page.dart,/trade/copy-trading/regulatory-reports-dashboard,RegulatoryReportsDashboardPage,real_page,lib/app/router/route_groups/trade_routes.dart
sc095ArmIntegrationStatus,trade,lib/features/trade/presentation/pages/arm_integration_status_page.dart,/trade/copy-trading/arm-integration-status,ArmIntegrationStatusPage,real_page,lib/app/router/route_groups/trade_routes.dart
sc096BestExecutionReports,trade,lib/features/trade/presentation/pages/best_execution_reports_page.dart,/trade/copy-trading/best-execution-reports,BestExecutionReportsPage,real_page,lib/app/router/route_groups/trade_routes.dart
sc097ExecutionVenueAnalysis,trade,lib/features/trade/presentation/pages/execution_venue_analysis_page.dart,/trade/copy-trading/execution-venue-analysis,ExecutionVenueAnalysisPage,real_page,lib/app/router/route_groups/trade_routes.dart
sc098SlippageMonitoring,trade,lib/features/trade/presentation/pages/slippage_monitoring_page.dart,/trade/copy-trading/slippage-monitoring,SlippageMonitoringPage,real_page,lib/app/router/route_groups/trade_routes.dart
sc099ClientCategorization,trade,lib/features/trade/presentation/pages/client_categorization_page.dart,/trade/copy-trading/client-categorization,ClientCategorizationPage,real_page,lib/app/router/route_groups/trade_routes.dart
sc100ProductGovernance,trade,lib/features/trade/presentation/pages/product_governance_page.dart,/trade/copy-trading/product-governance,ProductGovernancePage,real_page,lib/app/router/route_groups/trade_routes.dart
sc101TargetMarketDefinition,trade,lib/features/trade/presentation/pages/target_market_definition_page.dart,/trade/copy-trading/target-market-definition,TargetMarketDefinitionPage,real_page,lib/app/router/route_groups/trade_routes.dart
sc102ClientMoneyProtection,trade,lib/features/trade/presentation/pages/client_money_protection_page.dart,/trade/copy-trading/client-money-protection,ClientMoneyProtectionPage,real_page,lib/app/router/route_groups/trade_routes.dart
sc103CassReconciliation,trade,lib/features/trade/presentation/pages/cass_reconciliation_page.dart,/trade/copy-trading/cass-reconciliation,CassReconciliationPage,real_page,lib/app/router/route_groups/trade_routes.dart
sc104InvestorCompensation,trade,lib/features/trade/presentation/pages/investor_compensation_page.dart,/trade/copy-trading/investor-compensation,InvestorCompensationPage,real_page,lib/app/router/route_groups/trade_routes.dart
sc105ExAnteCosts,trade,lib/features/trade/presentation/pages/ex_ante_costs_page.dart,/trade/copy-trading/ex-ante-costs,ExAnteCostsPage,real_page,lib/app/router/route_groups/trade_routes.dart
sc106RiyCalculator,trade,lib/features/trade/presentation/pages/riy_calculator_page.dart,/trade/copy-trading/riy-calculator,RIYCalculatorPage,real_page,lib/app/router/route_groups/trade_routes.dart
sc107ExPostCostsReport,trade,lib/features/trade/presentation/pages/ex_post_costs_report_page.dart,/trade/copy-trading/ex-post-costs-report,ExPostCostsReportPage,real_page,lib/app/router/route_groups/trade_routes.dart
sc108KidGenerator,trade,lib/features/trade/presentation/pages/kid_generator_page.dart,/trade/copy-trading/kid-generator,KIDGeneratorPage,real_page,lib/app/router/route_groups/trade_routes.dart
sc109PerformanceScenarios,trade,lib/features/trade/presentation/pages/performance_scenarios_page.dart,/trade/copy-trading/performance-scenarios,PerformanceScenariosPage,real_page,lib/app/router/route_groups/trade_routes.dart
sc110RiskIndicatorExplainer,trade,lib/features/trade/presentation/pages/risk_indicator_explainer_page.dart,/trade/copy-trading/risk-indicator-explainer,RiskIndicatorExplainerPage,real_page,lib/app/router/route_groups/trade_routes.dart
sc111ComplaintsHandling,trade,lib/features/trade/presentation/pages/complaints_handling_page.dart,/trade/copy-trading/complaints-handling,ComplaintsHandlingPage,real_page,lib/app/router/route_groups/trade_routes.dart
sc112ComplaintSubmission,trade,lib/features/trade/presentation/pages/complaint_submission_page.dart,/trade/copy-trading/complaint-submission,ComplaintSubmissionPage,real_page,lib/app/router/route_groups/trade_routes.dart
sc113ComplaintTracking,trade,lib/features/trade/presentation/pages/complaint_tracking_page.dart,/trade/copy-trading/complaint-tracking,ComplaintTrackingPage,real_page,lib/app/router/route_groups/trade_routes.dart
sc114OmbudsmanReferral,trade,lib/features/trade/presentation/pages/ombudsman_referral_page.dart,/trade/copy-trading/ombudsman-referral,OmbudsmanReferralPage,real_page,lib/app/router/route_groups/trade_routes.dart
sc115AuditTrail,trade,lib/features/trade/presentation/pages/audit_trail_page.dart,/trade/copy-trading/audit-trail,AuditTrailPage,real_page,lib/app/router/route_groups/trade_routes.dart
sc116RegulatoryInspectionReady,trade,lib/features/trade/presentation/pages/regulatory_inspection_ready_page.dart,/trade/copy-trading/regulatory-inspection-ready,RegulatoryInspectionReadyPage,real_page,lib/app/router/route_groups/trade_routes.dart
sc117BotTermsOfService,trade,lib/features/trade/presentation/pages/bot_terms_of_service_page.dart,/trade/bots/terms-of-service,BotTermsOfServicePage,real_page,lib/app/router/route_groups/trade_routes.dart
sc118BotRiskDisclosure,trade,lib/features/trade/presentation/pages/bot_risk_disclosure_page.dart,/trade/bots/risk-disclosure,BotRiskDisclosurePage,real_page,lib/app/router/route_groups/trade_routes.dart
sc119BotSuitabilityAssessment,trade,lib/features/trade/presentation/pages/bot_suitability_assessment_page.dart,/trade/bots/suitability-assessment,BotSuitabilityAssessmentPage,real_page,lib/app/router/route_groups/trade_routes.dart
sc120BotRiskDashboard,trade,lib/features/trade/presentation/pages/bot_risk_dashboard_page.dart,/trade/bots/risk-dashboard,BotRiskDashboardPage,real_page,lib/app/router/route_groups/trade_routes.dart
sc121BotEmergencyStop,trade,lib/features/trade/presentation/pages/bot_emergency_stop_page.dart,/trade/bots/emergency-stop,BotEmergencyStopPage,real_page,lib/app/router/route_groups/trade_routes.dart
sc122BotSecuritySettings,trade,lib/features/trade/presentation/pages/bot_security_settings_page.dart,/trade/bots/security-settings,BotSecuritySettingsPage,real_page,lib/app/router/route_groups/trade_routes.dart
sc123BotHistory,trade,lib/features/trade/presentation/pages/bot_history_page.dart,/trade/bots/history,BotHistoryPage,real_page,lib/app/router/route_groups/trade_routes.dart
sc124BotPerformanceAnalytics,trade,lib/features/trade/presentation/pages/bot_performance_analytics_page.dart,/trade/bots/performance-analytics,BotPerformanceAnalyticsPage,real_page,lib/app/router/route_groups/trade_routes.dart
sc125BotBacktesting,trade,lib/features/trade/presentation/pages/bot_backtesting_page.dart,/trade/bots/backtesting,BotBacktestingPage,real_page,lib/app/router/route_groups/trade_routes.dart
sc126BotStrategyCompare,trade,lib/features/trade/presentation/pages/bot_strategy_compare_page.dart,/trade/bots/strategy-compare,BotStrategyComparePage,real_page,lib/app/router/route_groups/trade_routes.dart
sc127BotOptimization,trade,lib/features/trade/presentation/pages/bot_optimization_page.dart,/trade/bots/optimization,BotOptimizationPage,real_page,lib/app/router/route_groups/trade_routes.dart
sc128BotPortfolioDashboard,trade,lib/features/trade/presentation/pages/bot_portfolio_dashboard_page.dart,/trade/bots/portfolio-dashboard,BotPortfolioDashboardPage,real_page,lib/app/router/route_groups/trade_routes.dart
sc129BotDrawdownAnalyzer,trade,lib/features/trade/presentation/pages/bot_drawdown_analyzer_page.dart,/trade/bots/drawdown-analyzer,BotDrawdownAnalyzerPage,real_page,lib/app/router/route_groups/trade_routes.dart
sc130BotEquityCurve,trade,lib/features/trade/presentation/pages/bot_equity_curve_page.dart,/trade/bots/equity-curve,BotEquityCurvePage,real_page,lib/app/router/route_groups/trade_routes.dart
sc131BotGuide,trade,lib/features/trade/presentation/pages/bot_guide_page.dart,/trade/bots/guide,BotGuidePage,real_page,lib/app/router/route_groups/trade_routes.dart
sc132BotFaq,trade,lib/features/trade/presentation/pages/bot_faq_page.dart,/trade/bots/faq,BotFaqPage,real_page,lib/app/router/route_groups/trade_routes.dart
sc133BotTaxReporting,trade,lib/features/trade/presentation/pages/bot_tax_reporting_page.dart,/trade/bots/tax-reporting,BotTaxReportingPage,real_page,lib/app/router/route_groups/trade_routes.dart
sc134BotApiDocumentation,trade,lib/features/trade/presentation/pages/bot_api_documentation_page.dart,/trade/bots/api-documentation,BotApiDocumentationPage,real_page,lib/app/router/route_groups/trade_routes.dart
sc135Wallet,wallet,lib/features/wallet/presentation/pages/wallet_page.dart,/wallet,WalletPage,real_page,lib/app/router/route_groups/wallet_routes.dart
sc136TxHistory,wallet,lib/features/wallet/presentation/pages/transaction_history_page.dart,/wallet/history,TransactionHistoryPage,real_page,lib/app/router/route_groups/wallet_routes.dart
sc137Deposit,wallet,lib/features/wallet/presentation/pages/deposit_page.dart,/wallet/deposit,DepositPage,real_page,lib/app/router/route_groups/wallet_routes.dart
sc138DepositUsdt,wallet,lib/features/wallet/presentation/pages/deposit_page.dart,${AppRoutePaths.walletDeposit}/:asset,DepositPage,real_page,lib/app/router/route_groups/wallet_routes.dart
sc139Withdraw,wallet,lib/features/wallet/presentation/pages/withdraw_page.dart,/wallet/withdraw,WithdrawPage,real_page,lib/app/router/route_groups/wallet_routes.dart
sc140WithdrawUsdt,wallet,lib/features/wallet/presentation/pages/withdraw_page.dart,${AppRoutePaths.walletWithdraw}/:asset,WithdrawPage,real_page,lib/app/router/route_groups/wallet_routes.dart
sc141TransactionDetail,wallet,lib/features/wallet/presentation/pages/transaction_detail_page.dart,/wallet/transaction/:txId,TransactionDetailPage,real_page,lib/app/router/route_groups/wallet_routes.dart
sc142PortfolioAnalytics,wallet,lib/features/wallet/presentation/pages/portfolio_analytics_page.dart,/wallet/portfolio-analytics,PortfolioAnalyticsPage,real_page,lib/app/router/route_groups/wallet_routes.dart
sc143AddressAdd,wallet,lib/features/wallet/presentation/pages/address_add_page.dart,/wallet/address-book/add,AddressAddPage,real_page,lib/app/router/route_groups/wallet_routes.dart
sc144AddressBook,wallet,lib/features/wallet/presentation/pages/address_book_page.dart,/wallet/address-book,AddressBookPage,real_page,lib/app/router/route_groups/wallet_routes.dart
sc145BuyCrypto,wallet,lib/features/wallet/presentation/pages/buy_crypto_page.dart,/wallet/buy-crypto,BuyCryptoPage,real_page,lib/app/router/route_groups/wallet_routes.dart
sc146Transfer,wallet,lib/features/wallet/presentation/pages/transfer_page.dart,/wallet/transfer,TransferPage,real_page,lib/app/router/route_groups/wallet_routes.dart
sc147AssetDetail,wallet,lib/features/wallet/presentation/pages/asset_detail_page.dart,/wallet/asset/:assetId,AssetDetailPage,real_page,lib/app/router/route_groups/wallet_routes.dart
sc148MultiManager,wallet,lib/features/wallet/presentation/pages/wallet_multi_manager_page.dart,/wallet/multi-manager,WalletMultiManagerPage,real_page,lib/app/router/route_groups/wallet_routes.dart
sc149GasOptimizer,wallet,lib/features/wallet/presentation/pages/wallet_gas_optimizer_page.dart,/wallet/gas-optimizer,WalletGasOptimizerPage,real_page,lib/app/router/route_groups/wallet_routes.dart
sc150TokenApproval,wallet,lib/features/wallet/presentation/pages/wallet_token_approval_page.dart,/wallet/token-approval,WalletTokenApprovalPage,real_page,lib/app/router/route_groups/wallet_routes.dart
sc151HealthScore,wallet,lib/features/wallet/presentation/pages/wallet_health_score_page.dart,/wallet/health-score,WalletHealthScorePage,real_page,lib/app/router/route_groups/wallet_routes.dart
sc152PendingDeposits,wallet,lib/features/wallet/presentation/pages/pending_deposits_page.dart,/wallet/pending-deposits,PendingDepositsPage,real_page,lib/app/router/route_groups/wallet_routes.dart
sc153WithdrawLimits,wallet,lib/features/wallet/presentation/pages/withdraw_limits_page.dart,/wallet/limits,WithdrawLimitsPage,real_page,lib/app/router/route_groups/wallet_routes.dart
sc154DustConverter,wallet,lib/features/wallet/presentation/pages/dust_converter_page.dart,/wallet/dust-converter,DustConverterPage,real_page,lib/app/router/route_groups/wallet_routes.dart
sc155NetworkStatus,wallet,lib/features/wallet/presentation/pages/network_status_page.dart,/wallet/network-status,NetworkStatusPage,real_page,lib/app/router/route_groups/wallet_routes.dart
sc156Profile,profile,lib/features/profile/presentation/pages/profile_page.dart,/profile,ProfilePage,real_page,lib/app/router/route_groups/profile_routes.dart
sc157EditProfile,profile,lib/features/profile/presentation/pages/edit_profile_page.dart,/profile/edit,EditProfilePage,real_page,lib/app/router/route_groups/profile_routes.dart
sc158Security,profile,lib/features/profile/presentation/pages/security_page.dart,/profile/security,SecurityPage,real_page,lib/app/router/route_groups/profile_routes.dart
sc159Kyc,profile,lib/features/profile/presentation/pages/kyc_page.dart,/profile/kyc,KYCPage,real_page,lib/app/router/route_groups/profile_routes.dart
sc160Settings,profile,lib/features/profile/presentation/pages/settings_page.dart,/profile/settings,SettingsPage,real_page,lib/app/router/route_groups/profile_routes.dart
sc161ActivityLog,profile,lib/features/profile/presentation/pages/activity_log_page.dart,/profile/activity,ActivityLogPage,real_page,lib/app/router/route_groups/profile_routes.dart
sc162ApiKeyCreate,profile,lib/features/profile/presentation/pages/api_key_create_page.dart,/profile/api/create,ApiKeyCreatePage,real_page,lib/app/router/route_groups/profile_routes.dart
sc163ApiManagement,profile,lib/features/profile/presentation/pages/api_management_page.dart,/profile/api,ApiManagementPage,real_page,lib/app/router/route_groups/profile_routes.dart
sc164Vip,profile,lib/features/profile/presentation/pages/vip_page.dart,/profile/vip,VIPPage,real_page,lib/app/router/route_groups/profile_routes.dart
sc165DeviceManagement,profile,lib/features/profile/presentation/pages/device_management_page.dart,/profile/devices,DeviceManagementPage,real_page,lib/app/router/route_groups/profile_routes.dart
sc166SubAccount,profile,lib/features/profile/presentation/pages/sub_account_page.dart,/profile/sub-accounts,SubAccountPage,real_page,lib/app/router/route_groups/profile_routes.dart
sc167ProfilePredictions,profile,lib/features/predictions/presentation/pages/predictions_portfolio_page.dart,/profile/predictions,PredictionsPortfolioPage,real_page,lib/app/router/route_groups/profile_routes.dart
sc168MyArena,profile,lib/features/arena/presentation/pages/my_arena_page.dart,/profile/arena,MyArenaPage,real_page,lib/app/router/route_groups/profile_routes.dart
sc169Dca,dca,lib/features/dca/presentation/pages/dca_page.dart,/dca,DCAPage,real_page,lib/app/router/route_groups/dca_routes.dart
sc170DcaRebalanceConfig,dca,lib/features/dca/presentation/pages/dca_rebalance_config_page.dart,/dca/rebalance/config,DCARebalanceConfig,real_page,lib/app/router/route_groups/dca_routes.dart
sc171DcaRebalanceDashboard,dca,lib/features/dca/presentation/pages/dca_rebalance_dashboard_page.dart,/dca/rebalance/config001,DCARebalanceDashboard,real_page,lib/app/router/route_groups/dca_routes.dart
sc172DcaScheduleConfig,dca,lib/features/dca/presentation/pages/dca_schedule_config_page.dart,/dca/schedule/config,DCAScheduleConfig,real_page,lib/app/router/route_groups/dca_routes.dart
sc173DcaScheduleAnalytics,dca,lib/features/dca/presentation/pages/dca_schedule_analytics_page.dart,/dca/schedule/config001,DCAScheduleAnalytics,real_page,lib/app/router/route_groups/dca_routes.dart
sc174DcaPortfolioOptimizer,dca,lib/features/dca/presentation/pages/dca_portfolio_optimizer_page.dart,/dca/portfolio-optimizer,DCAPortfolioOptimizer,real_page,lib/app/router/route_groups/dca_routes.dart
sc175DcaDynamicAmount,dca,lib/features/dca/presentation/pages/dca_dynamic_amount_page.dart,/dca/dynamic-amount,DCADynamicAmount,real_page,lib/app/router/route_groups/dca_routes.dart
sc176DcaBacktester,dca,lib/features/dca/presentation/pages/dca_backtester_page.dart,/dca/backtester,DCABacktesterPage,real_page,lib/app/router/route_groups/dca_routes.dart
sc177DcaMultiAsset,dca,lib/features/dca/presentation/pages/dca_multi_asset_page.dart,/dca/multi-asset,DCAMultiAssetPage,real_page,lib/app/router/route_groups/dca_routes.dart
sc178DcaPerformanceCompare,dca,lib/features/dca/presentation/pages/dca_performance_compare_page.dart,/dca/performance-compare,DCAPerformanceComparePage,real_page,lib/app/router/route_groups/dca_routes.dart
sc179DcaSmartRules,dca,lib/features/dca/presentation/pages/dca_smart_rules_page.dart,/dca/smart-rules,DCASmartRulesPage,real_page,lib/app/router/route_groups/dca_routes.dart
sc180AdminHome,admin,lib/features/admin/presentation/pages/admin_home.dart,/admin,AdminHome,real_page,lib/app/router/route_groups/admin_routes.dart
sc181AnalyticsDashboard,admin,lib/features/admin/presentation/pages/analytics_dashboard.dart,/admin/analytics,AnalyticsDashboard,real_page,lib/app/router/route_groups/admin_routes.dart
sc182AbTestDashboard,admin,lib/features/admin/presentation/pages/ab_test_dashboard.dart,/admin/abtests,ABTestDashboard,real_page,lib/app/router/route_groups/admin_routes.dart
sc183FunnelDashboard,admin,lib/features/admin/presentation/pages/funnel_dashboard.dart,/admin/funnels,FunnelDashboard,real_page,lib/app/router/route_groups/admin_routes.dart
sc184ArenaHome,arena,lib/features/arena/presentation/pages/arena_home_page.dart,/arena,ArenaHomePage,real_page,lib/app/router/route_groups/arena_routes.dart
sc185ArenaStudio,arena,lib/features/arena/presentation/pages/arena_studio_page.dart,/arena/studio,ArenaStudioPage,real_page,lib/app/router/route_groups/arena_routes.dart
sc186ArenaSmartRules,arena,lib/features/arena/presentation/pages/arena_smart_rule_builder_page.dart,/arena/studio/smart-rules,ArenaSmartRuleBuilderPage,real_page,lib/app/router/route_groups/arena_routes.dart
sc187ArenaPresetLibrary,arena,lib/features/arena/presentation/pages/arena_universal_preset_library_page.dart,/arena/studio/presets,ArenaUniversalPresetLibraryPage,real_page,lib/app/router/route_groups/arena_routes.dart
sc188ArenaGovernanceGate,arena,lib/features/arena/presentation/pages/arena_governance_gate_page.dart,/arena/studio/governance,ArenaGovernanceGatePage,real_page,lib/app/router/route_groups/arena_routes.dart
sc189ArenaModeDetail,arena,lib/features/arena/presentation/pages/arena_mode_detail_page.dart,/arena/mode/:modeId,ArenaModeDetailPage,real_page,lib/app/router/route_groups/arena_routes.dart
sc190ArenaChallengeDetail,arena,lib/features/arena/presentation/pages/arena_challenge_detail_page.dart,/arena/challenge/:challengeId,ArenaChallengeDetailPage,real_page,lib/app/router/route_groups/arena_routes.dart
sc191ArenaJoin,arena,lib/features/arena/presentation/pages/arena_join_page.dart,/arena/join/:challengeId,ArenaJoinPage,real_page,lib/app/router/route_groups/arena_routes.dart
sc192ArenaResolutionCenter,arena,lib/features/arena/presentation/pages/arena_resolution_center_page.dart,/arena/resolution,ArenaResolutionCenterPage,real_page,lib/app/router/route_groups/arena_routes.dart
sc193ArenaCreator,arena,lib/features/arena/presentation/pages/arena_creator_page.dart,/arena/creator/:creatorId,ArenaCreatorPage,real_page,lib/app/router/route_groups/arena_routes.dart
sc194ArenaLeaderboard,arena,lib/features/arena/presentation/pages/arena_leaderboard_page.dart,/arena/leaderboard,ArenaLeaderboardPage,real_page,lib/app/router/route_groups/arena_routes.dart
sc195VerifiedChallenges,arena,lib/features/arena/presentation/pages/verified_challenges_page.dart,/arena/verified,VerifiedChallengesPage,real_page,lib/app/router/route_groups/arena_routes.dart
sc196ArenaPoints,arena,lib/features/arena/presentation/pages/arena_points_page.dart,/rewards?tab=arena (embedded; no standalone GoRoute),ArenaPointsPage,embedded_bridge,lib/app/feature_bridges/rewards_arena_points_bridge.dart
sc197ArenaFlowMap,arena,lib/features/arena/presentation/pages/arena_flow_map_page.dart,/arena/flow-map,ArenaFlowMapPage,real_page,lib/app/router/route_groups/arena_routes.dart
sc198ArenaSafetyCenter,arena,lib/features/arena/presentation/pages/arena_safety_center_page.dart,/arena/safety,ArenaSafetyCenterPage,real_page,lib/app/router/route_groups/arena_routes.dart
sc199ArenaTrustBreakdown,arena,lib/features/arena/presentation/pages/arena_trust_breakdown_page.dart,/arena/trust/:userId,ArenaTrustBreakdownPage,real_page,lib/app/router/route_groups/arena_routes.dart
sc200ArenaPointsEntryDetail,arena,lib/features/arena/presentation/pages/arena_points_entry_detail_page.dart,/arena/ledger/entry/:entryId,ArenaPointsEntryDetailPage,real_page,lib/app/router/route_groups/arena_routes.dart
sc201ArenaPointsLedger,arena,lib/features/arena/presentation/pages/arena_points_ledger_page.dart,/arena/ledger,ArenaPointsLedgerPage,real_page,lib/app/router/route_groups/arena_routes.dart
sc202ArenaReportCase,arena,lib/features/arena/presentation/pages/arena_report_case_page.dart,/arena/report/:caseId,ArenaReportCasePage,real_page,lib/app/router/route_groups/arena_routes.dart
sc203ArenaBlockedUsers,arena,lib/features/arena/presentation/pages/arena_blocked_users_page.dart,/arena/blocked,ArenaBlockedUsersPage,real_page,lib/app/router/route_groups/arena_routes.dart
sc204MyArenaReports,arena,lib/features/arena/presentation/pages/my_arena_reports_page.dart,/arena/my-reports,MyArenaReportsPage,real_page,lib/app/router/route_groups/arena_routes.dart
sc205MyArena,arena,lib/features/arena/presentation/pages/my_arena_page.dart,/arena/my,MyArenaPage,real_page,lib/app/router/route_groups/arena_routes.dart
sc206ArenaProductionReady,arena,lib/features/arena/presentation/pages/arena_production_ready_page.dart,/arena/production,ArenaProductionReadyPage,real_page,lib/app/router/route_groups/arena_routes.dart
sc207ArenaPredictionBridgeFoundation,arena,lib/features/arena/presentation/pages/arena_prediction_bridge_foundation_page.dart,/arena/bridge,ArenaPredictionBridgeFoundationPage,real_page,lib/app/router/route_groups/arena_routes.dart
sc208ConnectedEcosystemProduction,arena,lib/features/arena/presentation/pages/connected_ecosystem_production_page.dart,/arena/ecosystem,ConnectedEcosystemProductionPage,real_page,lib/app/router/route_groups/arena_routes.dart
sc209ArenaGuide,arena,lib/features/arena/presentation/pages/arena_guide_page.dart,/arena/guide,ArenaGuidePage,real_page,lib/app/router/route_groups/arena_routes.dart
sc210P2PExpressConfirm,p2p,lib/features/p2p/presentation/pages/p2p_express_confirm_page.dart,/p2p/express/confirm,P2PExpressConfirmPage,real_page,lib/app/router/route_groups/p2p_routes.dart
sc211P2PExpress,p2p,lib/features/p2p/presentation/pages/p2p_express_page.dart,/p2p/express,P2PExpressPage,real_page,lib/app/router/route_groups/p2p_routes.dart
sc212P2POrderTimeline,p2p,lib/features/p2p/presentation/pages/p2p_order_timeline_page.dart,/p2p/order/timeline/:orderId,P2POrderTimelinePage,real_page,lib/app/router/route_groups/p2p_routes.dart
sc213P2POrderRate,p2p,lib/features/p2p/presentation/pages/p2p_order_rate_page.dart,/p2p/order/rate/:orderId,P2POrderRatePage,real_page,lib/app/router/route_groups/p2p_routes.dart
sc214P2POrderCancel,p2p,lib/features/p2p/presentation/pages/p2p_order_cancel_page.dart,/p2p/order/cancel/:orderId,P2POrderCancelPage,real_page,lib/app/router/route_groups/p2p_routes.dart
sc215P2POrderProof,p2p,lib/features/p2p/presentation/pages/p2p_order_proof_page.dart,/p2p/order/proof/:orderId,P2POrderProofPage,real_page,lib/app/router/route_groups/p2p_routes.dart
sc216P2POrder,p2p,lib/features/p2p/presentation/pages/p2p_order_page.dart,/p2p/order/:orderId,P2POrderPage,real_page,lib/app/router/route_groups/p2p_routes.dart
sc217P2PChat,p2p,lib/features/p2p/presentation/pages/p2p_chat_page.dart,/p2p/chat/:orderId,P2PChatPage,real_page,lib/app/router/route_groups/p2p_routes.dart
sc218P2PDisputeDetail,p2p,lib/features/p2p/presentation/pages/p2p_dispute_detail_page.dart,/p2p/dispute/detail/:disputeId,P2PDisputeDetailPage,real_page,lib/app/router/route_groups/p2p_routes.dart
sc219P2PDisputeEvidence,p2p,lib/features/p2p/presentation/pages/p2p_dispute_evidence_page.dart,/p2p/dispute/evidence/:disputeId,P2PDisputeEvidencePage,real_page,lib/app/router/route_groups/p2p_routes.dart
sc220P2PDisputeResolution,p2p,lib/features/p2p/presentation/pages/p2p_dispute_resolution_page.dart,/p2p/dispute/resolution/:disputeId,P2PDisputeResolutionPage,real_page,lib/app/router/route_groups/p2p_routes.dart
sc221P2PDispute,p2p,lib/features/p2p/presentation/pages/p2p_dispute_page.dart,/p2p/dispute/:orderId,P2PDisputePage,real_page,lib/app/router/route_groups/p2p_routes.dart
sc222P2PDisputes,p2p,lib/features/p2p/presentation/pages/p2p_disputes_page.dart,/p2p/disputes,P2PDisputesPage,real_page,lib/app/router/route_groups/p2p_routes.dart
sc223P2PAdAnalytics,p2p,lib/features/p2p/presentation/pages/p2p_ad_analytics_page.dart,/p2p/ad-analytics/:adId,P2PAdAnalyticsPage,real_page,lib/app/router/route_groups/p2p_routes.dart
sc224P2PAdDetail,p2p,lib/features/p2p/presentation/pages/p2p_ad_detail_page.dart,/p2p/ad/:adId,P2PAdDetailPage,real_page,lib/app/router/route_groups/p2p_routes.dart
sc225P2PMyAds,p2p,lib/features/p2p/presentation/pages/p2p_my_ads_page.dart,/p2p/my-ads,P2PMyAdsPage,real_page,lib/app/router/route_groups/p2p_routes.dart
sc226P2PCreateAd,p2p,lib/features/p2p/presentation/pages/p2p_create_ad_page.dart,/p2p/create,P2PCreateAdPage,real_page,lib/app/router/route_groups/p2p_routes.dart
sc227P2PMerchantApply,p2p,lib/features/p2p/presentation/pages/p2p_merchant_apply_page.dart,/p2p/merchant-apply,P2PMerchantApplyPage,real_page,lib/app/router/route_groups/p2p_routes.dart
sc228P2PMerchantProfile,p2p,lib/features/p2p/presentation/pages/p2p_merchant_profile_page.dart,/p2p/merchant/:merchantId,P2PMerchantProfilePage,real_page,lib/app/router/route_groups/p2p_routes.dart
sc229P2PReportMerchant,p2p,lib/features/p2p/presentation/pages/p2p_report_merchant_page.dart,/p2p/report/:merchantId,P2PReportMerchantPage,real_page,lib/app/router/route_groups/p2p_routes.dart
sc230P2PTradingLevel,p2p,lib/features/p2p/presentation/pages/p2p_trading_level_page.dart,/p2p/trading-level,P2PTradingLevelPage,real_page,lib/app/router/route_groups/p2p_routes.dart
sc231P2PReviews,p2p,lib/features/p2p/presentation/pages/p2p_reviews_page.dart,/p2p/reviews,P2PReviewsPage,real_page,lib/app/router/route_groups/p2p_routes.dart
sc232P2PPaymentMethodAdd,p2p,lib/features/p2p/presentation/pages/p2p_payment_method_add_page.dart,/p2p/payment-method/add,P2PPaymentMethodAddPage,real_page,lib/app/router/route_groups/p2p_routes.dart
sc233P2PPaymentMethodVerification,p2p,lib/features/p2p/presentation/pages/p2p_payment_method_verification_page.dart,/p2p/payment-method/verification/:methodId,P2PPaymentMethodVerificationPage,real_page,lib/app/router/route_groups/p2p_routes.dart
sc234P2PPaymentMethodOwnership,p2p,lib/features/p2p/presentation/pages/p2p_payment_method_ownership_page.dart,/p2p/payment-method/ownership/:methodId,P2PPaymentMethodOwnershipPage,real_page,lib/app/router/route_groups/p2p_routes.dart
sc235P2PPaymentMethodCoolingPeriod,p2p,lib/features/p2p/presentation/pages/p2p_payment_method_cooling_period_page.dart,/p2p/payment-method/cooling-period,P2PPaymentMethodCoolingPeriodPage,real_page,lib/app/router/route_groups/p2p_routes.dart
sc236P2PPaymentMethodHistory,p2p,lib/features/p2p/presentation/pages/p2p_payment_method_history_page.dart,/p2p/payment-method/history,P2PPaymentMethodHistoryPage,real_page,lib/app/router/route_groups/p2p_routes.dart
sc237P2PPaymentMethods,p2p,lib/features/p2p/presentation/pages/p2p_payment_methods_page.dart,/p2p/payment-methods,P2PPaymentMethodsPage,real_page,lib/app/router/route_groups/p2p_routes.dart
sc238P2PInsuranceFund,p2p,lib/features/p2p/presentation/pages/p2p_insurance_fund_page.dart,/p2p/insurance,P2PInsuranceFundPage,real_page,lib/app/router/route_groups/p2p_routes.dart
sc239P2PInsuranceCertificate,p2p,lib/features/p2p/presentation/pages/p2p_insurance_certificate_page.dart,/p2p/insurance/certificate,P2PInsuranceCertificatePage,real_page,lib/app/router/route_groups/p2p_routes.dart
sc240P2PInsuranceScore,p2p,lib/features/p2p/presentation/pages/p2p_insurance_score_page.dart,/p2p/insurance/score,P2PInsuranceScorePage,real_page,lib/app/router/route_groups/p2p_routes.dart
sc241P2PInsurancePolicy,p2p,lib/features/p2p/presentation/pages/p2p_insurance_policy_page.dart,/p2p/insurance/policy,P2PInsurancePolicyPage,real_page,lib/app/router/route_groups/p2p_routes.dart
sc242P2PContributionHistory,p2p,lib/features/p2p/presentation/pages/p2p_contribution_history_page.dart,/p2p/insurance/contribution-history,P2PContributionHistoryPage,real_page,lib/app/router/route_groups/p2p_routes.dart
sc243P2PClaimDetail,p2p,lib/features/p2p/presentation/pages/p2p_claim_detail_page.dart,/p2p/insurance/claim/:claimId,P2PClaimDetailPage,real_page,lib/app/router/route_groups/p2p_routes.dart
sc244P2PInsuranceFundAlias,p2p,lib/features/p2p/presentation/pages/p2p_insurance_fund_page.dart,/p2p/insurance-fund,P2PInsuranceFundPage,real_page,lib/app/router/route_groups/p2p_routes.dart
sc245P2PEscrowBalance,p2p,lib/features/p2p/presentation/pages/p2p_escrow_balance_page.dart,/p2p/escrow/balance,P2PEscrowBalancePage,real_page,lib/app/router/route_groups/p2p_routes.dart
sc246P2PEscrowDetail,p2p,lib/features/p2p/presentation/pages/p2p_escrow_detail_page.dart,/p2p/escrow/:orderId,P2PEscrowDetailPage,real_page,lib/app/router/route_groups/p2p_routes.dart
sc247P2PKycRequirements,p2p,lib/features/p2p/presentation/pages/p2p_kyc_requirements_page.dart,/p2p/kyc/requirements,P2PKycRequirementsPage,real_page,lib/app/router/route_groups/p2p_routes.dart
sc248P2PKycStatus,p2p,lib/features/p2p/presentation/pages/p2p_kyc_status_page.dart,/p2p/kyc/status,P2PKycStatusPage,real_page,lib/app/router/route_groups/p2p_routes.dart
sc249P2PIdentityVerification,p2p,lib/features/p2p/presentation/pages/p2p_identity_verification_page.dart,/p2p/kyc/identity,P2PIdentityVerificationPage,real_page,lib/app/router/route_groups/p2p_routes.dart
sc250P2PAddressProof,p2p,lib/features/p2p/presentation/pages/p2p_address_proof_page.dart,/p2p/kyc/address,P2PAddressProofPage,real_page,lib/app/router/route_groups/p2p_routes.dart
sc251P2PSelfieVerification,p2p,lib/features/p2p/presentation/pages/p2p_selfie_verification_page.dart,/p2p/kyc/selfie,P2PSelfieVerificationPage,real_page,lib/app/router/route_groups/p2p_routes.dart
sc252P2PVideoVerification,p2p,lib/features/p2p/presentation/pages/p2p_video_verification_page.dart,/p2p/kyc/video,P2PVideoVerificationPage,real_page,lib/app/router/route_groups/p2p_routes.dart
sc253P2PSecurityCenter,p2p,lib/features/p2p/presentation/pages/p2p_security_center_page.dart,/p2p/security/center,P2PSecurityCenterPage,real_page,lib/app/router/route_groups/p2p_routes.dart
sc254P2P2FASettings,p2p,lib/features/p2p/presentation/pages/p2p_2fa_settings_page.dart,/p2p/security/2fa,P2P2FASettingsPage,real_page,lib/app/router/route_groups/p2p_routes.dart
sc255P2PDeviceManagement,p2p,lib/features/p2p/presentation/pages/p2p_device_management_page.dart,/p2p/security/devices,P2PDeviceManagementPage,real_page,lib/app/router/route_groups/p2p_routes.dart
sc256P2PAntiPhishingCode,p2p,lib/features/p2p/presentation/pages/p2p_anti_phishing_code_page.dart,/p2p/security/anti-phishing,P2PAntiPhishingCodePage,real_page,lib/app/router/route_groups/p2p_routes.dart
sc257P2PLoginHistory,p2p,lib/features/p2p/presentation/pages/p2p_login_history_page.dart,/p2p/security/login-history,P2PLoginHistoryPage,real_page,lib/app/router/route_groups/p2p_routes.dart
sc258P2PSuspiciousActivity,p2p,lib/features/p2p/presentation/pages/p2p_suspicious_activity_page.dart,/p2p/security/suspicious-activity,P2PSuspiciousActivityPage,real_page,lib/app/router/route_groups/p2p_routes.dart
sc259P2PE2EInfo,p2p,lib/features/p2p/presentation/pages/p2p_e2e_info_page.dart,/p2p/e2e-info,P2PE2EInfoPage,real_page,lib/app/router/route_groups/p2p_routes.dart
sc260P2PFraudPrevention,p2p,lib/features/p2p/presentation/pages/p2p_fraud_prevention_page.dart,/p2p/fraud-prevention,P2PFraudPreventionPage,real_page,lib/app/router/route_groups/p2p_routes.dart
sc261P2PWalletTransfer,p2p,lib/features/p2p/presentation/pages/p2p_wallet_transfer_page.dart,/p2p/wallet/transfer,P2PWalletTransferPage,real_page,lib/app/router/route_groups/p2p_routes.dart
sc262P2PFundLockHistory,p2p,lib/features/p2p/presentation/pages/p2p_fund_lock_history_page.dart,/p2p/wallet/fund-lock-history,P2PFundLockHistoryPage,real_page,lib/app/router/route_groups/p2p_routes.dart
sc263P2PWalletHistoryAlias,p2p,lib/features/p2p/presentation/pages/p2p_fund_lock_history_page.dart,/p2p/wallet/history,P2PFundLockHistoryPage,real_page,lib/app/router/route_groups/p2p_routes.dart
sc264P2PWallet,p2p,lib/features/p2p/presentation/pages/p2p_wallet_page.dart,/p2p/wallet,P2PWalletPage,real_page,lib/app/router/route_groups/p2p_routes.dart
sc265P2PLimitTracker,p2p,lib/features/p2p/presentation/pages/p2p_limit_tracker_page.dart,/p2p/limits/tracker,P2PLimitTrackerPage,real_page,lib/app/router/route_groups/p2p_routes.dart
sc266P2PTransactionLimits,p2p,lib/features/p2p/presentation/pages/p2p_transaction_limits_page.dart,/p2p/limits,P2PTransactionLimitsPage,real_page,lib/app/router/route_groups/p2p_routes.dart
sc267P2PComplianceOverview,p2p,lib/features/p2p/presentation/pages/p2p_compliance_overview_page.dart,/p2p/compliance/overview,P2PComplianceOverviewPage,real_page,lib/app/router/route_groups/p2p_routes.dart
sc268P2PAmlScreening,p2p,lib/features/p2p/presentation/pages/p2p_aml_screening_page.dart,/p2p/compliance/aml-screening,P2PAmlScreeningPage,real_page,lib/app/router/route_groups/p2p_routes.dart
sc269P2PSourceOfFunds,p2p,lib/features/p2p/presentation/pages/p2p_source_of_funds_page.dart,/p2p/compliance/source-of-funds,P2PSourceOfFundsPage,real_page,lib/app/router/route_groups/p2p_routes.dart
sc270P2PLargeTransaction,p2p,lib/features/p2p/presentation/pages/p2p_large_transaction_justification_page.dart,/p2p/compliance/large-transaction,P2PLargeTransactionJustificationPage,real_page,lib/app/router/route_groups/p2p_routes.dart
sc271P2PRiskAssessment,p2p,lib/features/p2p/presentation/pages/p2p_risk_assessment_page.dart,/p2p/compliance/risk-assessment,P2PRiskAssessmentPage,real_page,lib/app/router/route_groups/p2p_routes.dart
sc272P2PTaxReporting,p2p,lib/features/p2p/presentation/pages/p2p_tax_reporting_page.dart,/p2p/tax-reporting,P2PTaxReportingPage,real_page,lib/app/router/route_groups/p2p_routes.dart
sc273P2POrderBook,p2p,lib/features/p2p/presentation/pages/p2p_order_book_page.dart,/p2p/order-book,P2POrderBookPage,real_page,lib/app/router/route_groups/p2p_routes.dart
sc274P2PDashboard,p2p,lib/features/p2p/presentation/pages/p2p_dashboard_page.dart,/p2p/dashboard,P2PDashboardPage,real_page,lib/app/router/route_groups/p2p_routes.dart
sc275P2PAchievements,p2p,lib/features/p2p/presentation/pages/p2p_achievements_page.dart,/p2p/achievements,P2PAchievementsPage,real_page,lib/app/router/route_groups/p2p_routes.dart
sc276P2PBlacklistAdd,p2p,lib/features/p2p/presentation/pages/p2p_blacklist_add_page.dart,/p2p/blacklist/add,P2PBlacklistAddPage,real_page,lib/app/router/route_groups/p2p_routes.dart
sc277P2PBlacklist,p2p,lib/features/p2p/presentation/pages/p2p_blacklist_page.dart,/p2p/blacklist,P2PBlacklistPage,real_page,lib/app/router/route_groups/p2p_routes.dart
sc278P2PNotificationsSettings,p2p,lib/features/p2p/presentation/pages/p2p_notifications_settings_page.dart,/p2p/settings/notifications,P2PNotificationsSettingsPage,real_page,lib/app/router/route_groups/p2p_routes.dart
sc279P2PSettings,p2p,lib/features/p2p/presentation/pages/p2p_settings_page.dart,/p2p/settings,P2PSettingsPage,real_page,lib/app/router/route_groups/p2p_routes.dart
sc280P2PGuide,p2p,lib/features/p2p/presentation/pages/p2p_guide_page.dart,/p2p/guide,P2PGuidePage,real_page,lib/app/router/route_groups/p2p_routes.dart
sc281P2PMyOrders,p2p,lib/features/p2p/presentation/pages/p2p_my_orders_page.dart,/p2p/my-orders,P2PMyOrdersPage,real_page,lib/app/router/route_groups/p2p_routes.dart
sc282P2PHome,p2p,lib/features/p2p/presentation/pages/p2p_home_page.dart,/p2p,P2PHomePage,real_page,lib/app/router/route_groups/p2p_routes.dart
sc283UnifiedSearch,discovery,lib/features/discovery/presentation/pages/unified_search_page.dart,/search,UnifiedSearchPage,real_page,lib/app/router/route_groups/utility_routes.dart
sc284TopicHub,discovery,lib/features/discovery/presentation/pages/topic_hub_page.dart,/topics,TopicHubPage,real_page,lib/app/router/route_groups/utility_routes.dart
sc285TopicCrypto,discovery,lib/features/discovery/presentation/pages/topic_hub_page.dart,/topic/crypto,TopicHubPage,real_page,lib/app/router/route_groups/utility_routes.dart
sc286ReferralHistory,referral,lib/features/referral/presentation/pages/referral_history_page.dart,/referral/history,ReferralHistoryPage,real_page,lib/app/router/route_groups/utility_routes.dart
sc287ReferralRewards,referral,lib/features/referral/presentation/pages/referral_rewards_page.dart,/referral/rewards,ReferralRewardsPage,real_page,lib/app/router/route_groups/utility_routes.dart
sc288ReferralRules,referral,lib/features/referral/presentation/pages/referral_rules_page.dart,/referral/rules,ReferralRulesPage,real_page,lib/app/router/route_groups/utility_routes.dart
sc289ReferralFriendDetail,referral,lib/features/referral/presentation/pages/referral_friend_detail_page.dart,/referral/friend/:friendId,ReferralFriendDetailPage,real_page,lib/app/router/route_groups/utility_routes.dart
sc290ReferralHome,referral,lib/features/referral/presentation/pages/referral_home_page.dart,/referral,ReferralHomePage,real_page,lib/app/router/route_groups/utility_routes.dart
sc291Notifications,notifications,lib/features/notifications/presentation/pages/notifications_page.dart,/notifications,NotificationsPage,real_page,lib/app/router/route_groups/utility_routes.dart
sc292HelpCenter,support,lib/features/support/presentation/pages/help_center_page.dart,/support/help,HelpCenterPage,real_page,lib/app/router/route_groups/support_routes.dart
sc293Announcements,support,lib/features/support/presentation/pages/announcements_page.dart,/support/announcements,AnnouncementsPage,real_page,lib/app/router/route_groups/support_routes.dart
sc294Support,support,lib/features/support/presentation/pages/support_page.dart,/support,SupportPage,real_page,lib/app/router/route_groups/support_routes.dart
sc295Launchpad,launchpad,lib/features/launchpad/presentation/pages/launchpad_page.dart,/launchpad,LaunchpadPage,real_page,lib/app/router/route_groups/launchpad_routes.dart
sc296LaunchpadPortfolio,launchpad,lib/features/launchpad/presentation/pages/launchpad_portfolio_page.dart,/launchpad/portfolio,LaunchpadPortfolioPage,real_page,lib/app/router/route_groups/launchpad_routes.dart
sc297LaunchpadPerformance,launchpad,lib/features/launchpad/presentation/pages/launchpad_performance_page.dart,/launchpad/performance,LaunchpadPerformancePage,real_page,lib/app/router/route_groups/launchpad_routes.dart
sc298LaunchpadStaking,launchpad,lib/features/launchpad/presentation/pages/launchpad_staking_page.dart,/launchpad/staking,LaunchpadStakingPage,real_page,lib/app/router/route_groups/launchpad_routes.dart
sc299LaunchpadIdoBridge,launchpad,lib/features/launchpad/presentation/pages/launchpad_ido_bridge_page.dart,/launchpad/idobridge/sample,LaunchpadIdoBridgePage,real_page,lib/app/router/route_groups/launchpad_routes.dart
sc300LaunchpadContract,launchpad,lib/features/launchpad/presentation/pages/launchpad_contract_page.dart,/launchpad/contract/sample,LaunchpadContractPage,real_page,lib/app/router/route_groups/launchpad_routes.dart
sc301LaunchpadReceipt,launchpad,lib/features/launchpad/presentation/pages/launchpad_receipt_page.dart,/launchpad/receipt/sub001,LaunchpadReceiptPage,real_page,lib/app/router/route_groups/launchpad_routes.dart
sc302LaunchpadClaimReceipt,launchpad,lib/features/launchpad/presentation/pages/launchpad_claim_receipt_page.dart,/launchpad/claim-receipt/pos001,LaunchpadClaimReceiptPage,real_page,lib/app/router/route_groups/launchpad_routes.dart
sc303LaunchpadBridgeOrder,launchpad,lib/features/launchpad/presentation/pages/launchpad_bridge_order_page.dart,/launchpad/bridge-order/tx001,LaunchpadBridgeOrderPage,real_page,lib/app/router/route_groups/launchpad_routes.dart
sc304LaunchpadBatchClaim,launchpad,lib/features/launchpad/presentation/pages/launchpad_batch_claim_page.dart,/launchpad/batch-claim,LaunchpadBatchClaimPage,real_page,lib/app/router/route_groups/launchpad_routes.dart
sc305LaunchpadBridgeCompare,launchpad,lib/features/launchpad/presentation/pages/launchpad_bridge_compare_page.dart,/launchpad/bridge-compare,LaunchpadBridgeComparePage,real_page,lib/app/router/route_groups/launchpad_routes.dart
sc306LaunchpadNotifSound,launchpad,lib/features/launchpad/presentation/pages/launchpad_notif_sound_page.dart,/launchpad/notif-sound,LaunchpadNotifSoundPage,real_page,lib/app/router/route_groups/launchpad_routes.dart
sc307LaunchpadEventLog,launchpad,lib/features/launchpad/presentation/pages/launchpad_event_log_page.dart,/launchpad/event-log,LaunchpadEventLogPage,real_page,lib/app/router/route_groups/launchpad_routes.dart
sc308LaunchpadAbiDiff,launchpad,lib/features/launchpad/presentation/pages/launchpad_abi_diff_page.dart,/launchpad/abi-diff/contract001,LaunchpadAbiDiffPage,real_page,lib/app/router/route_groups/launchpad_routes.dart
sc309LaunchpadAddressBook,launchpad,lib/features/launchpad/presentation/pages/launchpad_address_book_page.dart,/launchpad/address-book,LaunchpadAddressBookPage,real_page,lib/app/router/route_groups/launchpad_routes.dart
sc310LaunchpadWebhooks,launchpad,lib/features/launchpad/presentation/pages/launchpad_webhooks_page.dart,/launchpad/webhooks,LaunchpadWebhooksPage,real_page,lib/app/router/route_groups/launchpad_routes.dart
sc311LaunchpadGasTracker,launchpad,lib/features/launchpad/presentation/pages/launchpad_gas_tracker_page.dart,/launchpad/gas-tracker,LaunchpadGasTrackerPage,real_page,lib/app/router/route_groups/launchpad_routes.dart
sc312LaunchpadRebalance,launchpad,lib/features/launchpad/presentation/pages/launchpad_rebalance_page.dart,/launchpad/rebalance,LaunchpadRebalancePage,real_page,lib/app/router/route_groups/launchpad_routes.dart
sc313LaunchpadMultisig,launchpad,lib/features/launchpad/presentation/pages/launchpad_multisig_page.dart,/launchpad/multisig,LaunchpadMultisigPage,real_page,lib/app/router/route_groups/launchpad_routes.dart
sc314LaunchpadSwapAggregator,launchpad,lib/features/launchpad/presentation/pages/launchpad_swap_aggregator_page.dart,/launchpad/swap-aggregator,LaunchpadSwapAggregatorPage,real_page,lib/app/router/route_groups/launchpad_routes.dart
sc315LaunchpadLimitOrders,launchpad,lib/features/launchpad/presentation/pages/launchpad_limit_orders_page.dart,/launchpad/limit-orders,LaunchpadLimitOrdersPage,real_page,lib/app/router/route_groups/launchpad_routes.dart
sc316LaunchpadDcaBuilder,launchpad,lib/features/launchpad/presentation/pages/launchpad_dca_builder_page.dart,/launchpad/dca-builder,LaunchpadDcaBuilderPage,real_page,lib/app/router/route_groups/launchpad_routes.dart
sc317LaunchpadRiskAnalytics,launchpad,lib/features/launchpad/presentation/pages/launchpad_risk_analytics_page.dart,/launchpad/risk-analytics,LaunchpadRiskAnalyticsPage,real_page,lib/app/router/route_groups/launchpad_routes.dart
sc318LaunchpadDetail,launchpad,lib/features/launchpad/presentation/pages/launchpad_detail_page.dart,/launchpad/sample,LaunchpadDetailPage,real_page,lib/app/router/route_groups/launchpad_routes.dart
sc319RewardsHub,rewards,lib/features/rewards/presentation/pages/rewards_hub_page.dart,/rewards,RewardsHubPage,real_page,lib/app/router/route_groups/utility_routes.dart
sc320EnterpriseStates,enterprise_states,lib/features/enterprise_states/presentation/pages/enterprise_states_page.dart,/enterprise-states,EnterpriseStatesPage,real_page,lib/app/router/route_groups/utility_routes.dart
sc321UnifiedPortfolio,cross_module,lib/features/cross_module/presentation/pages/unified_portfolio_dashboard.dart,/unified-portfolio,UnifiedPortfolioDashboard,real_page,lib/app/router/route_groups/utility_routes.dart
sc322CrossModuleAnalytics,cross_module,lib/features/cross_module/presentation/pages/cross_module_analytics.dart,/cross-module-analytics,CrossModuleAnalytics,real_page,lib/app/router/route_groups/utility_routes.dart
sc323SmartAlertCenter,cross_module,lib/features/cross_module/presentation/pages/smart_alert_center.dart,/smart-alerts,SmartAlertCenter,real_page,lib/app/router/route_groups/utility_routes.dart
sc324TaxReportCenter,cross_module,lib/features/cross_module/presentation/pages/tax_report_center.dart,/tax-reports,TaxReportCenter,real_page,lib/app/router/route_groups/utility_routes.dart
sc325RouteChecker,dev,lib/features/dev/presentation/pages/route_checker_page.dart,/dev/route-checker,RouteChecker,real_page,lib/app/router/route_groups/utility_routes.dart
sc326PerformanceMonitor,dev,lib/features/dev/presentation/pages/performance_monitor.dart,/dev/performance-monitor,PerformanceMonitor,real_page,lib/app/router/route_groups/utility_routes.dart
sc327StakingEarn,earn,lib/features/earn/presentation/pages/staking_earn_page.dart,/earn,StakingEarnPage,real_page,lib/app/router/route_groups/earn_routes.dart
sc328StakingEarnStaking,earn,lib/features/earn/presentation/pages/staking_earn_page.dart,/earn/staking,StakingEarnPage,real_page,lib/app/router/route_groups/earn_routes.dart
sc329Savings,earn,lib/features/earn/presentation/pages/savings_page.dart,/earn/savings,SavingsPage,real_page,lib/app/router/route_groups/earn_routes.dart
sc330SavingsProductDetail,earn,lib/features/earn/presentation/pages/savings_product_detail_page.dart,/earn/savings/product/sample,SavingsProductDetailPage,real_page,lib/app/router/route_groups/earn_routes.dart
sc331SavingsRedeem,earn,lib/features/earn/presentation/pages/savings_redeem_page.dart,/earn/savings/redeem/pos001,SavingsRedeemPage,real_page,lib/app/router/route_groups/earn_routes.dart
sc332SavingsReceipt,earn,lib/features/earn/presentation/pages/savings_receipt_page.dart,/earn/savings/receipt,SavingsReceiptPage,real_page,lib/app/router/route_groups/earn_routes.dart
sc333SavingsPortfolio,earn,lib/features/earn/presentation/pages/savings_portfolio_page.dart,/earn/savings/portfolio,SavingsPortfolioPage,real_page,lib/app/router/route_groups/earn_routes.dart
sc334SavingsHistory,earn,lib/features/earn/presentation/pages/savings_history_page.dart,/earn/savings/history,SavingsHistoryPage,real_page,lib/app/router/route_groups/earn_routes.dart
sc335SavingsGuide,earn,lib/features/earn/presentation/pages/savings_guide_page.dart,/earn/savings/guide,SavingsGuidePage,real_page,lib/app/router/route_groups/earn_routes.dart
sc336SavingsFAQ,earn,lib/features/earn/presentation/pages/savings_faq_page.dart,/earn/savings/faq,SavingsFAQPage,real_page,lib/app/router/route_groups/earn_routes.dart
sc337SavingsNotifications,earn,lib/features/earn/presentation/pages/savings_notifications_page.dart,/earn/savings/notifications,SavingsNotificationsPage,real_page,lib/app/router/route_groups/earn_routes.dart
sc338SavingsRecommendations,earn,lib/features/earn/presentation/pages/savings_recommendations_page.dart,/earn/savings/recommendations,SavingsRecommendationsPage,real_page,lib/app/router/route_groups/earn_routes.dart
sc339SavingsRiskAssessment,earn,lib/features/earn/presentation/pages/savings_risk_assessment_page.dart,/earn/savings/risk-assessment,SavingsRiskAssessmentPage,real_page,lib/app/router/route_groups/earn_routes.dart
sc340SavingsComparison,earn,lib/features/earn/presentation/pages/savings_comparison_page.dart,/earn/savings/comparison,SavingsComparisonPage,real_page,lib/app/router/route_groups/earn_routes.dart
sc341AutoCompoundSettings,earn,lib/features/earn/presentation/pages/auto_compound_settings_page.dart,/earn/savings/auto-compound,AutoCompoundSettingsPage,real_page,lib/app/router/route_groups/earn_routes.dart
sc342SavingsGoal,earn,lib/features/earn/presentation/pages/savings_goal_page.dart,/earn/savings/goals,SavingsGoalPage,real_page,lib/app/router/route_groups/earn_routes.dart
sc343SavingsAnalytics,earn,lib/features/earn/presentation/pages/savings_analytics_page.dart,/earn/savings/analytics,SavingsAnalyticsPage,real_page,lib/app/router/route_groups/earn_routes.dart
sc344SavingsAutoRebalance,earn,lib/features/earn/presentation/pages/savings_auto_rebalance_page.dart,/earn/savings/rebalance,SavingsAutoRebalancePage,real_page,lib/app/router/route_groups/earn_routes.dart
sc345SavingsNotificationPreferences,earn,lib/features/earn/presentation/pages/savings_notification_preferences_page.dart,/earn/savings/notification-preferences,SavingsNotificationPreferencesPage,real_page,lib/app/router/route_groups/earn_routes.dart
sc346SavingsDca,earn,lib/features/earn/presentation/pages/savings_dca_page.dart,/earn/savings/dca,SavingsDCAPage,real_page,lib/app/router/route_groups/earn_routes.dart
sc347SavingsSmartSuggestions,earn,lib/features/earn/presentation/pages/savings_smart_suggestions_page.dart,/earn/savings/smart-suggestions,SavingsSmartSuggestionsPage,real_page,lib/app/router/route_groups/earn_routes.dart
sc348SavingsExport,earn,lib/features/earn/presentation/pages/savings_export_page.dart,/earn/savings/export,SavingsExportPage,real_page,lib/app/router/route_groups/earn_routes.dart
sc349SavingsBacktest,earn,lib/features/earn/presentation/pages/savings_backtest_page.dart,/earn/savings/backtest,SavingsBacktestPage,real_page,lib/app/router/route_groups/earn_routes.dart
sc350SavingsAutoPilot,earn,lib/features/earn/presentation/pages/savings_autopilot_page.dart,/earn/savings/autopilot,SavingsAutoPilotPage,real_page,lib/app/router/route_groups/earn_routes.dart
sc351SavingsLadder,earn,lib/features/earn/presentation/pages/savings_ladder_page.dart,/earn/savings/ladder,SavingsLadderPage,real_page,lib/app/router/route_groups/earn_routes.dart
sc352SavingsWhatIf,earn,lib/features/earn/presentation/pages/savings_what_if_page.dart,/earn/savings/whatif,SavingsWhatIfPage,real_page,lib/app/router/route_groups/earn_routes.dart
sc353StakingTerms,earn,lib/features/earn/presentation/pages/staking_terms_page.dart,/earn/staking/terms,StakingTermsPage,real_page,lib/app/router/route_groups/earn_routes.dart
sc354StakingRiskDisclosure,earn,lib/features/earn/presentation/pages/staking_risk_disclosure_page.dart,/earn/staking/risk-disclosure,StakingRiskDisclosurePage,real_page,lib/app/router/route_groups/earn_routes.dart
sc355StakingWithdrawalPolicy,earn,lib/features/earn/presentation/pages/staking_withdrawal_policy_page.dart,/earn/staking/withdrawal-policy,StakingWithdrawalPolicyPage,real_page,lib/app/router/route_groups/earn_routes.dart
sc356StakingTaxGuide,earn,lib/features/earn/presentation/pages/staking_tax_guide_page.dart,/earn/staking/tax-guide,StakingTaxGuidePage,real_page,lib/app/router/route_groups/earn_routes.dart
sc357StakingRiskAssessment,earn,lib/features/earn/presentation/pages/staking_risk_assessment_page.dart,/earn/staking/risk-assessment,StakingRiskAssessmentPage,real_page,lib/app/router/route_groups/earn_routes.dart
sc358StakingDashboard,earn,lib/features/earn/presentation/pages/staking_dashboard_page.dart,/earn/dashboard,StakingDashboardPage,real_page,lib/app/router/route_groups/earn_routes.dart
sc359StakingAnalytics,earn,lib/features/earn/presentation/pages/staking_analytics_page.dart,/earn/analytics,StakingAnalyticsPage,real_page,lib/app/router/route_groups/earn_routes.dart
sc360StakingHistory,earn,lib/features/earn/presentation/pages/staking_history_page.dart,/earn/history,StakingHistoryPage,real_page,lib/app/router/route_groups/earn_routes.dart
sc361StakingEarningsCalendar,earn,lib/features/earn/presentation/pages/staking_earnings_calendar_page.dart,/earn/calendar,StakingEarningsCalendarPage,real_page,lib/app/router/route_groups/earn_routes.dart
sc362StakingValidatorSelection,earn,lib/features/earn/presentation/pages/staking_validator_selection_page.dart,/earn/validator-selection,StakingValidatorSelectionPage,real_page,lib/app/router/route_groups/earn_routes.dart
sc363StakingAutoCompound,earn,lib/features/earn/presentation/pages/staking_auto_compound_page.dart,/earn/auto-compound,StakingAutoCompoundPage,real_page,lib/app/router/route_groups/earn_routes.dart
sc364StakingLiquidStaking,earn,lib/features/earn/presentation/pages/staking_liquid_staking_page.dart,/earn/liquid-staking,StakingLiquidStakingPage,real_page,lib/app/router/route_groups/earn_routes.dart
sc365StakingInsurance,earn,lib/features/earn/presentation/pages/staking_insurance_page.dart,/earn/insurance,StakingInsurancePage,real_page,lib/app/router/route_groups/earn_routes.dart
sc366StakingAdvancedOrders,earn,lib/features/earn/presentation/pages/staking_advanced_orders_page.dart,/earn/advanced-orders,StakingAdvancedOrdersPage,real_page,lib/app/router/route_groups/earn_routes.dart
sc367StakingMultiChain,earn,lib/features/earn/presentation/pages/staking_multi_chain_page.dart,/earn/multi-chain,StakingMultiChainPage,real_page,lib/app/router/route_groups/earn_routes.dart
sc368StakingInstitutional,earn,lib/features/earn/presentation/pages/staking_institutional_page.dart,/earn/institutional,StakingInstitutionalPage,real_page,lib/app/router/route_groups/earn_routes.dart
sc369StakingGuide,earn,lib/features/earn/presentation/pages/staking_guide_page.dart,/earn/guide,StakingGuidePage,real_page,lib/app/router/route_groups/earn_routes.dart
sc370StakingFAQ,earn,lib/features/earn/presentation/pages/staking_faq_page.dart,/earn/faq,StakingFAQPage,real_page,lib/app/router/route_groups/earn_routes.dart
sc371StakingNotifications,earn,lib/features/earn/presentation/pages/staking_notifications_page.dart,/earn/notifications,StakingNotificationsPage,real_page,lib/app/router/route_groups/earn_routes.dart
sc372StakingRecommendations,earn,lib/features/earn/presentation/pages/staking_recommendations_page.dart,/earn/recommendations,StakingRecommendationsPage,real_page,lib/app/router/route_groups/earn_routes.dart
sc373StakingRegulatoryFramework,earn,lib/features/earn/presentation/pages/staking_regulatory_framework_page.dart,/earn/regulatory-framework,StakingRegulatoryFrameworkPage,real_page,lib/app/router/route_groups/earn_routes.dart
sc374StakingAuditReports,earn,lib/features/earn/presentation/pages/staking_audit_reports_page.dart,/earn/audit-reports,StakingAuditReportsPage,real_page,lib/app/router/route_groups/earn_routes.dart
sc375StakingCustody,earn,lib/features/earn/presentation/pages/staking_custody_page.dart,/earn/custody,StakingCustodyPage,real_page,lib/app/router/route_groups/earn_routes.dart
sc376StakingSuitabilityAssessment,earn,lib/features/earn/presentation/pages/staking_suitability_assessment_page.dart,/earn/suitability-assessment,StakingSuitabilityAssessmentPage,real_page,lib/app/router/route_groups/earn_routes.dart
sc377StakingInsuranceFundTransparency,earn,lib/features/earn/presentation/pages/staking_insurance_fund_transparency_page.dart,/earn/insurance-fund-transparency,StakingInsuranceFundTransparencyPage,real_page,lib/app/router/route_groups/earn_routes.dart
sc378StakingTransactionReporting,earn,lib/features/earn/presentation/pages/staking_transaction_reporting_page.dart,/earn/transaction-reporting,StakingTransactionReportingPage,real_page,lib/app/router/route_groups/earn_routes.dart
sc379StakingApiDocumentation,earn,lib/features/earn/presentation/pages/staking_api_documentation_page.dart,/earn/api-documentation,StakingApiDocumentationPage,real_page,lib/app/router/route_groups/earn_routes.dart
sc380StakingProofOfReserves,earn,lib/features/earn/presentation/pages/staking_proof_of_reserves_page.dart,/earn/proof-of-reserves,StakingProofOfReservesPage,real_page,lib/app/router/route_groups/earn_routes.dart
sc381StakingRiskDashboard,earn,lib/features/earn/presentation/pages/staking_risk_dashboard_page.dart,/earn/risk-dashboard,StakingRiskDashboardPage,real_page,lib/app/router/route_groups/earn_routes.dart
sc382StakingSlashingHistory,earn,lib/features/earn/presentation/pages/staking_slashing_history_page.dart,/earn/slashing-history,StakingSlashingHistoryPage,real_page,lib/app/router/route_groups/earn_routes.dart
sc383StakingValidatorHealthMonitor,earn,lib/features/earn/presentation/pages/staking_validator_health_monitor_page.dart,/earn/validator-health-monitor,StakingValidatorHealthMonitorPage,real_page,lib/app/router/route_groups/earn_routes.dart
sc384StakingRiskScoreCalculator,earn,lib/features/earn/presentation/pages/staking_risk_score_calculator_page.dart,/earn/risk-score-calculator,StakingRiskScoreCalculatorPage,real_page,lib/app/router/route_groups/earn_routes.dart
sc385StakingEmergencyActions,earn,lib/features/earn/presentation/pages/staking_emergency_actions_page.dart,/earn/emergency-actions,StakingEmergencyActionsPage,real_page,lib/app/router/route_groups/earn_routes.dart
sc386StakingContingencyPlan,earn,lib/features/earn/presentation/pages/staking_contingency_plan_page.dart,/earn/contingency-plan,StakingContingencyPlanPage,real_page,lib/app/router/route_groups/earn_routes.dart
sc387StakingSocialFeed,earn,lib/features/earn/presentation/pages/staking_social_feed_page.dart,/earn/social-feed,StakingSocialFeedPage,real_page,lib/app/router/route_groups/earn_routes.dart
sc388StakingCommunityGovernance,earn,lib/features/earn/presentation/pages/staking_community_governance_page.dart,/earn/community-governance,StakingCommunityGovernancePage,real_page,lib/app/router/route_groups/earn_routes.dart
sc389StakingProposals,earn,lib/features/earn/presentation/pages/staking_proposals_page.dart,/earn/proposals,StakingProposalsPage,real_page,lib/app/router/route_groups/earn_routes.dart
sc390StakingVotingDetail,earn,lib/features/earn/presentation/pages/staking_voting_page.dart,/earn/voting/:proposalId,StakingVotingPage,real_page,lib/app/router/route_groups/earn_routes.dart
sc391StakingVoting,earn,lib/features/earn/presentation/pages/staking_voting_page.dart,/earn/voting,StakingVotingPage,real_page,lib/app/router/route_groups/earn_routes.dart
sc392StakingForum,earn,lib/features/earn/presentation/pages/staking_forum_page.dart,/earn/forum,StakingForumPage,real_page,lib/app/router/route_groups/earn_routes.dart
sc393StakingWebhooks,earn,lib/features/earn/presentation/pages/staking_webhooks_page.dart,/earn/webhooks,StakingWebhooksPage,real_page,lib/app/router/route_groups/earn_routes.dart
sc394StakingDataExport,earn,lib/features/earn/presentation/pages/staking_data_export_page.dart,/earn/data-export,StakingDataExportPage,real_page,lib/app/router/route_groups/earn_routes.dart
sc395StakingThirdPartyIntegrations,earn,lib/features/earn/presentation/pages/staking_third_party_integrations_page.dart,/earn/third-party-integrations,StakingThirdPartyIntegrationsPage,real_page,lib/app/router/route_groups/earn_routes.dart
sc396StakingDeveloperConsole,earn,lib/features/earn/presentation/pages/staking_developer_console_page.dart,/earn/developer-console,StakingDeveloperConsolePage,real_page,lib/app/router/route_groups/earn_routes.dart
sc397Onboarding,onboarding,lib/features/onboarding/presentation/pages/onboarding_flow.dart,/onboarding,OnboardingFlow,real_page,lib/app/router/route_groups/auth_routes.dart
sc398MissingScreensShowcase,dev,lib/features/dev/presentation/pages/missing_screens_showcase_page.dart,/dev/showcase,MissingScreensShowcasePage,real_page,lib/app/router/route_groups/utility_routes.dart
sc399DesignSystem,dev,lib/features/dev/presentation/pages/design_system_page.dart,/dev/design-system,DesignSystemPage,real_page,lib/app/router/route_groups/utility_routes.dart
sc400DcaOverviewDemo,dev,lib/features/dca/presentation/pages/dca_overview_demo.dart,/dev/dca-overview,DCAOverviewDemo,real_page,lib/app/router/route_groups/utility_routes.dart
sc401CopyTradingCardDemo,dev,lib/features/trade/presentation/pages/copy_trading_card_demo.dart,/demo/copy-card,CopyTradingCardDemo,real_page,lib/app/router/route_groups/utility_routes.dart
sc402P2PKycVerify,p2p,lib/features/p2p/presentation/pages/p2p_identity_verification_page.dart,/p2p/kyc/verify,P2PIdentityVerificationPage,real_page,lib/app/router/route_groups/p2p_routes.dart
sc403P2PKycFaceMatch,p2p,lib/features/p2p/presentation/pages/p2p_selfie_verification_page.dart,/p2p/kyc/face-match,P2PSelfieVerificationPage,real_page,lib/app/router/route_groups/p2p_routes.dart
sc404P2PWhitelistMode,p2p,lib/features/p2p/presentation/pages/p2p_security_center_page.dart,/p2p/security/whitelist,P2PWhitelistModePage,real_page,lib/app/router/route_groups/p2p_routes.dart
sc405SettingsSecurityBiometric,profile,lib/features/profile/presentation/pages/security_page.dart,/settings/security/biometric,SecurityPage,real_page,lib/app/router/route_groups/p2p_routes.dart
sc406SettingsSecurityChangePassword,profile,lib/features/profile/presentation/pages/security_page.dart,/settings/security/change-password,SecurityPage,real_page,lib/app/router/route_groups/p2p_routes.dart
sc407P2PTaxReportDetail,p2p,lib/features/p2p/presentation/pages/p2p_tax_reporting_page.dart,/p2p/tax-report/detailed/:year,P2PTaxReportingPage,real_page,lib/app/router/route_groups/p2p_routes.dart
sc408DcaRebalanceEdit,dca,lib/features/dca/presentation/pages/dca_rebalance_config_page.dart,/dca/rebalance/:configId/edit,DCARebalanceConfig,real_page,lib/app/router/route_groups/dca_routes.dart
sc409DcaRebalanceHistory,dca,lib/features/dca/presentation/pages/dca_rebalance_dashboard_page.dart,/dca/rebalance/:configId/history,DCARebalanceDashboard,real_page,lib/app/router/route_groups/dca_routes.dart
sc410AdminSettings,admin,lib/features/admin/presentation/pages/admin_settings_page.dart,/admin/settings,AdminSettingsPage,real_page,lib/app/router/route_groups/admin_routes.dart
sc411ClientOptUpRequest,trade,lib/features/trade/presentation/pages/client_categorization_page_part_01.dart,/trade/copy-trading/client-opt-up-request,ClientOptUpRequestPage,real_page,lib/app/router/route_groups/trade_routes.dart
sc412TradeCopyRegulatoryDisclosuresAlias,trade,lib/features/trade/presentation/pages/regulatory_disclosures_page.dart,/trade/copy-trading/regulatory-disclosures-alias → /trade/copy-trading/regulatory-disclosures,RegulatoryDisclosuresPage,redirect_alias,lib/app/router/route_groups/trade_routes.dart
sc413SettingsSecurity,profile,lib/features/profile/presentation/pages/security_page.dart,/settings/security,SecurityPage,real_page,lib/app/router/route_groups/profile_routes.dart
sc414PredictionTournamentDetail,trade,lib/features/predictions/presentation/widgets/prediction_tournaments_detail.dart,/markets/predictions/tournament/:tournamentId,PredictionTournamentDetailPage,real_page,lib/app/router/route_groups/predictions_routes.dart
sc415TargetMarketDefinitionDetail,trade,lib/features/trade/presentation/pages/target_market_definition_page.dart,${AppRoutePaths.tradeCopyTargetMarketDefinition}/:productId,TargetMarketDefinitionPage,real_page,lib/app/router/route_groups/trade_routes.dart
sc416ComplaintTrackingDetail,trade,lib/features/trade/presentation/pages/complaint_tracking_page.dart,/trade/copy-trading/complaint-tracking/:complaintId,ComplaintTrackingPage,real_page,lib/app/router/route_groups/trade_routes.dart
