target_order,target_layer,recommended_surface,product_hub_group,product_area,technical_modules,capability,flow,screen_count,lifecycle_stage,hub_priority,entry_route_examples,route_name_examples,notes
001,Trust Foundation and Account Readiness,Auth shell / Profile tab,Account readiness,Identity and Access,onboarding,Identity and Onboarding,First-run onboarding,1,Trust gate / eligibility,"Account readiness: verify, secure, unlock limits, then trade.",/onboarding,sc397Onboarding,"Keep flow calm, dark, scan-friendly, and state-driven."
002,Trust Foundation and Account Readiness,Auth shell / Profile tab,Account readiness,Identity and Access,auth,Identity and Onboarding,Account access,2,Trust gate / eligibility,"Account readiness: verify, secure, unlock limits, then trade.",/auth/login | /auth/register,sc001Login | sc002Register,"Keep flow calm, dark, scan-friendly, and state-driven."
003,Trust Foundation and Account Readiness,Auth shell / Profile tab,Account readiness,Identity and Access,auth,Identity and Onboarding,Authentication challenge and 2FA setup,2,Trust gate / eligibility,"Account readiness: verify, secure, unlock limits, then trade.",/auth/otp | /auth/2fa-setup,sc003Otp | sc004TwoFaSetup,"Keep flow calm, dark, scan-friendly, and state-driven."
004,Trust Foundation and Account Readiness,Auth shell / Profile tab,Account readiness,Identity and Access,auth,Identity and Onboarding,Password recovery,2,Trust gate / eligibility,"Account readiness: verify, secure, unlock limits, then trade.",/auth/forgot-password | /auth/reset-password,sc005ForgotPassword | sc006ResetPassword,"Keep flow calm, dark, scan-friendly, and state-driven."
005,Trust Foundation and Account Readiness,Profile tab,Account readiness,Profile and Account,profile,Profile and Account Management,"Profile, settings and activity",4,Operate / extend,"Account readiness: verify, secure, unlock limits, then trade.",/profile | /profile/edit | /profile/security | /profile/vip,sc156Profile | sc157EditProfile | sc158Security | sc164Vip,"Keep flow calm, dark, scan-friendly, and state-driven."
006,Trust Foundation and Account Readiness,Profile tab,Account readiness,Profile and Account,profile,Profile and Account Management,"Identity, security and devices",5,Trust gate / eligibility,"Account readiness: verify, secure, unlock limits, then trade.",/profile/kyc | /profile/settings | /profile/api/create | /settings/security/biometric,sc159Kyc | sc160Settings | sc162ApiKeyCreate | sc405SettingsSecurityBiometric,"Keep flow calm, dark, scan-friendly, and state-driven."
007,Trust Foundation and Account Readiness,Profile tab,Account readiness,Profile and Account,profile,Profile and Account Management,"API, subaccounts and VIP",4,Operate / extend,"Account readiness: verify, secure, unlock limits, then trade.",/profile/activity | /profile/api | /profile/devices | /profile/sub-accounts,sc161ActivityLog | sc163ApiManagement | sc165DeviceManagement | sc166SubAccount,"Keep flow calm, dark, scan-friendly, and state-driven."
008,Trust Foundation and Account Readiness,Profile tab,Account readiness,Profile and Account,"arena, predictions, profile",Profile and Account Management,Profile module summaries,3,Operate / extend,"Account readiness: verify, secure, unlock limits, then trade.",/profile/predictions | /profile/arena | /settings/security,sc167ProfilePredictions | sc168MyArena | sc413SettingsSecurity,"Keep flow calm, dark, scan-friendly, and state-driven."
009,Home Command Center and Discovery,Home tab,Command center,Home and Discovery,home,"Home, Discovery and Notifications",Home dashboard,1,Discover / orient,"Command center: balances, alerts, search, recents, recommended next action.",/home,sc007Home,"Keep flow calm, dark, scan-friendly, and state-driven."
010,Home Command Center and Discovery,Home tab,Command center,Home and Discovery,discovery,"Home, Discovery and Notifications",Unified search,1,Discover / orient,"Command center: balances, alerts, search, recents, recommended next action.",/search,sc283UnifiedSearch,"Keep flow calm, dark, scan-friendly, and state-driven."
011,Home Command Center and Discovery,Home tab,Command center,Home and Discovery,discovery,"Home, Discovery and Notifications",Topic discovery,2,Discover / orient,"Command center: balances, alerts, search, recents, recommended next action.",/topics | /topic/crypto,sc284TopicHub | sc285TopicCrypto,"Keep flow calm, dark, scan-friendly, and state-driven."
012,Home Command Center and Discovery,Home tab,Command center,Home and Discovery,news,"Home, Discovery and Notifications",News feed,1,Discover / orient,"Command center: balances, alerts, search, recents, recommended next action.",/news,sc047News,"Keep flow calm, dark, scan-friendly, and state-driven."
013,Home Command Center and Discovery,Home tab,Command center,Home and Discovery,notifications,"Home, Discovery and Notifications",Notification center,1,Discover / orient,"Command center: balances, alerts, search, recents, recommended next action.",/notifications,sc291Notifications,"Keep flow calm, dark, scan-friendly, and state-driven."
014,Market Intelligence and Decision Context,Markets tab,Market intelligence,Market Intelligence,markets,Market Intelligence,Market discovery and watchlists,5,Discover / orient,"Decision context: market data first, then trade/predict CTA.",/markets | /markets/overview | /markets/movers | /markets/sectors,sc008MarketList | sc009MarketOverview | sc010MarketMovers | sc011MarketSectors,"Keep flow calm, dark, scan-friendly, and state-driven."
015,Market Intelligence and Decision Context,Markets tab,Market intelligence,Market Intelligence,markets,Pair Intelligence,Pair and depth intelligence,4,Decide / analyze,"Decision context: market data first, then trade/predict CTA.",/markets/depth | /pair/:pairId | /pair/:pairId/info | /pair/:pairId/depth,sc019MarketDepth | sc044PairDetail | sc045TokenInfo | sc046PairDepth,"Keep flow calm, dark, scan-friendly, and state-driven."
016,Market Intelligence and Decision Context,Markets tab,Market intelligence,Market Intelligence,markets,Market Intelligence,Market research tools,6,Discover / orient,"Decision context: market data first, then trade/predict CTA.",/markets/heatmap | /markets/alerts | /markets/screener | /markets/compare,sc013MarketHeatmap | sc014PriceAlerts | sc015MarketScreener | sc016ComparisonTool,"Keep flow calm, dark, scan-friendly, and state-driven."
017,Market Intelligence and Decision Context,Markets tab,Market intelligence,Market Intelligence,markets,Market Intelligence,Market intelligence and insights,7,Decide / analyze,"Decision context: market data first, then trade/predict CTA.",/markets/derivatives | /markets/social-sentiment | /markets/portfolio-tracker | /markets/news,sc018DerivativesOverview | sc020SocialSentiment | sc021PortfolioTracker | sc022MarketNews,"Keep flow calm, dark, scan-friendly, and state-driven."
018,Market Intelligence and Decision Context,Markets tab,Prediction markets,Prediction Markets,predictions,Prediction Market Discovery and Portfolio,Prediction market discovery,3,Discover / orient,"Decision context: market data first, then trade/predict CTA.",/markets/predictions | /markets/predictions/search | /markets/predictions/breaking,sc027PredictionsHome | sc028PredictionsSearch | sc029PredictionsBreaking,Keep prediction positions/receipts distinct from Arena points; confirm risk before position creation.
019,Market Intelligence and Decision Context,Markets tab,Prediction markets,Prediction Markets,predictions,Prediction Market Operations,Prediction event trading,3,Operate / extend,"Decision context: market data first, then trade/predict CTA.",/markets/predictions/event/:eventId | /markets/predictions/receipt/:receiptId | /markets/predictions/advanced-chart/:eventId,sc030PredictionEventDetail | sc035PredictionOrderReceipt | sc041PredictionAdvancedChart,Keep prediction positions/receipts distinct from Arena points; confirm risk before position creation.
020,Market Intelligence and Decision Context,Markets tab,Prediction markets,Prediction Markets,predictions,Prediction Market Discovery and Portfolio,Prediction portfolio and community,4,Monitor / manage,"Decision context: market data first, then trade/predict CTA.",/markets/predictions/portfolio | /markets/predictions/rewards | /markets/predictions/leaderboard | /markets/predictions/activity,sc031PredictionsPortfolio | sc032PredictionsRewards | sc033PredictionsLeaderboard | sc034PredictionsGlobalActivity,Keep prediction positions/receipts distinct from Arena points; confirm risk before position creation.
021,Market Intelligence and Decision Context,Markets tab,Prediction markets,Prediction Markets,predictions,Prediction Market Operations,Prediction analytics and operations,6,Decide / analyze,"Decision context: market data first, then trade/predict CTA.",/markets/predictions/risk-calculator | /markets/predictions/market-maker | /markets/predictions/portfolio-analyzer | /markets/predictions/event-calendar,sc036PredictionRiskCalculator | sc037PredictionMarketMaker | sc038PredictionPortfolioAnalyzer | sc039PredictionEventCalendar,Keep prediction positions/receipts distinct from Arena points; confirm risk before position creation.
022,Market Intelligence and Decision Context,Markets tab,Prediction markets,Prediction Markets,predictions,Prediction Market Operations,Prediction tournaments,2,Operate / extend,"Decision context: market data first, then trade/predict CTA.",/markets/predictions/tournaments | /markets/predictions/tournament/:tournamentId,sc042PredictionTournaments | sc414PredictionTournamentDetail,Keep prediction positions/receipts distinct from Arena points; confirm risk before position creation.
023,Core Trading and Risk Execution,Trade tab,Trading terminal,Trading Execution,trade,Core Trading,"Spot, pair, chart and convert execution",4,Setup / configure,"Trading terminal: chart, ticket, risk, order state, positions.",/trade | /trade/:pairId | /trade/advanced-chart/:pairId | /trade/convert,sc048Trade | sc049TradePair | sc055AdvancedChart | sc056Convert,"Prioritize compact dark terminal layout, risk preview, confirmation, receipt, and open-order/position continuity."
024,Core Trading and Risk Execution,Trade tab,Trading terminal,Trading Execution,trade,Core Trading,Futures and leverage,2,Operate / extend,"Trading terminal: chart, ticket, risk, order state, positions.",/trade/:pairId/futures | /trade/:pairId/futures/leverage,sc057Futures | sc058Leverage,"Prioritize compact dark terminal layout, risk preview, confirmation, receipt, and open-order/position continuity."
025,Core Trading and Risk Execution,Trade tab,Trading terminal,Trading Execution,trade,Core Trading,"Order, position and settings management",5,Monitor / manage,"Trading terminal: chart, ticket, risk, order state, positions.",/trade/orders-history | /trade/order-receipt | /trade/settings | /trade/positions,sc050OrdersHistory | sc051OrderReceipt | sc052TradeSettings | sc053PositionDashboard,"Prioritize compact dark terminal layout, risk preview, confirmation, receipt, and open-order/position continuity."
026,Core Trading and Risk Execution,Trade tab,Trading terminal,Trading Execution,trade,Core Trading,Risk and execution quality tools,3,Setup / configure,"Trading terminal: chart, ticket, risk, order state, positions.",/trade/risk-management | /trade/execution-quality | /trade/advanced-tools,sc060RiskManagement | sc061ExecutionQuality | sc062AdvancedTools,"Prioritize compact dark terminal layout, risk preview, confirmation, receipt, and open-order/position continuity."
027,Core Trading and Risk Execution,Trade tab,Margin and advanced,Margin and Advanced Trading,trade,Margin / Advanced Trading,Margin trading surfaces,3,Setup / configure,"Trading terminal: chart, ticket, risk, order state, positions.",/trade/margin | /trade/margin/btcusdt | /trade/margin/hub,sc085MarginTrading | sc086MarginTradingPair | sc090MarginTradingHub,"Prioritize compact dark terminal layout, risk preview, confirmation, receipt, and open-order/position continuity."
028,Core Trading and Risk Execution,Trade tab,Margin and advanced,Margin and Advanced Trading,trade,Margin / Advanced Trading,Advanced margin analytics,4,Decide / analyze,"Trading terminal: chart, ticket, risk, order state, positions.",/trade/margin/advanced-demo | /trade/margin/market-data-analytics | /trade/margin/live-market-data-analytics | /trade/margin/advanced-analytics,sc088AdvancedTradingDemo | sc089MarketDataAnalytics | sc091LiveMarketDataAnalytics | sc092AdvancedAnalytics,"Prioritize compact dark terminal layout, risk preview, confirmation, receipt, and open-order/position continuity."
029,Core Trading and Risk Execution,Trade tab,Margin and advanced,Margin and Advanced Trading,trade,Margin / Advanced Trading,Trader profile intelligence,1,Decide / analyze,"Trading terminal: chart, ticket, risk, order state, positions.",/trade/trader/:traderId,sc087TraderProfile,"Prioritize compact dark terminal layout, risk preview, confirmation, receipt, and open-order/position continuity."
030,Strategy Automation and Social Trading,Trade tab product hub,Bots,Trading Automation,trade,Trading Bots,"Bot onboarding, education and API docs",7,Trust gate / eligibility,"Automation hub: learn, simulate, configure, risk gate, manage.",/trade/bots | /trade/bots/terms-of-service | /trade/bots/risk-disclosure | /trade/bots/suitability-assessment,sc059TradingBots | sc117BotTermsOfService | sc118BotRiskDisclosure | sc119BotSuitabilityAssessment,"Model bot activation, pause, emergency stop, history, and audit as explicit states."
031,Strategy Automation and Social Trading,Trade tab product hub,Bots,Trading Automation,trade,Trading Bots,Bot strategy testing and optimization,3,Setup / configure,"Automation hub: learn, simulate, configure, risk gate, manage.",/trade/bots/backtesting | /trade/bots/strategy-compare | /trade/bots/optimization,sc125BotBacktesting | sc126BotStrategyCompare | sc127BotOptimization,"Model bot activation, pause, emergency stop, history, and audit as explicit states."
032,Strategy Automation and Social Trading,Trade tab product hub,Bots,Trading Automation,trade,Trading Bots,Bot risk and security controls,3,Trust gate / eligibility,"Automation hub: learn, simulate, configure, risk gate, manage.",/trade/bots/risk-dashboard | /trade/bots/emergency-stop | /trade/bots/security-settings,sc120BotRiskDashboard | sc121BotEmergencyStop | sc122BotSecuritySettings,"Model bot activation, pause, emergency stop, history, and audit as explicit states."
033,Strategy Automation and Social Trading,Trade tab product hub,Bots,Trading Automation,trade,Trading Bots,Bot performance and reporting,6,Monitor / manage,"Automation hub: learn, simulate, configure, risk gate, manage.",/trade/bots/history | /trade/bots/performance-analytics | /trade/bots/portfolio-dashboard | /trade/bots/drawdown-analyzer,sc123BotHistory | sc124BotPerformanceAnalytics | sc128BotPortfolioDashboard | sc129BotDrawdownAnalyzer,"Model bot activation, pause, emergency stop, history, and audit as explicit states."
034,Strategy Automation and Social Trading,Trade tab product hub,Copy trading,Copy Trading,trade,Copy Trading,"Copy discovery, education and settings",10,Discover / orient,"Automation hub: learn, simulate, configure, risk gate, manage.",/trade/copy-trading | /trade/copy-trading/v2 | /trade/copy-trading/education | /trade/copy-trading/active,sc063CopyTrading | sc064CopyTradingV2 | sc065CopyEducation | sc066ActiveCopies,"Do not allow copy setup to bypass suitability, risk cap, cost disclosure, and confirmation."
035,Strategy Automation and Social Trading,Trade tab product hub,Copy trading,Copy Trading,trade,Copy Trading,Copy provider onboarding and setup,4,Trust gate / eligibility,"Automation hub: learn, simulate, configure, risk gate, manage.",/trade/copy-provider/:providerId | /trade/copy-provider/:providerId/assessment | /trade/copy-provider/:providerId/configuration | /trade/copy-provider/:providerId/confirmation,sc070CopyProviderDetail | sc071PreCopyAssessment | sc072CopyConfiguration | sc073CopyConfirmation,"Do not allow copy setup to bypass suitability, risk cap, cost disclosure, and confirmation."
036,Strategy Automation and Social Trading,Trade tab product hub,Copy trading,Copy Trading,trade,Copy Trading,"Copy safety, governance and disputes",4,Recover / resolve,"Automation hub: learn, simulate, configure, risk gate, manage.",/trade/copy-provider-governance | /trade/copy-dispute-resolution | /trade/copy-safety-center | /trade/copy-regulatory-disclosures,sc081ProviderGovernance | sc082DisputeResolution | sc083CopySafetyCenter | sc084RegulatoryDisclosures,"Do not allow copy setup to bypass suitability, risk cap, cost disclosure, and confirmation."
037,Strategy Automation and Social Trading,Trade tab product hub,Copy trading,Copy Trading,trade,Copy Trading,"Copy performance, attribution and audit",4,Monitor / manage,"Automation hub: learn, simulate, configure, risk gate, manage.",/trade/copy-performance/:copyId | /trade/copy-performance/:copyId/attribution | /trade/copy-audit-log/:copyId | /trade/copy-trading/risk-analysis,sc074CopyPerformance | sc075PerformanceAttribution | sc077CopyAuditLog | sc078PortfolioRiskAnalysis,"Do not allow copy setup to bypass suitability, risk cap, cost disclosure, and confirmation."
038,Strategy Automation and Social Trading,Trade tab product hub,Copy trading,Copy Trading,trade,Copy Trading,"Copy costs, KID and risk disclosures",6,Trust gate / eligibility,"Automation hub: learn, simulate, configure, risk gate, manage.",/trade/copy-trading/ex-ante-costs | /trade/copy-trading/riy-calculator | /trade/copy-trading/ex-post-costs-report | /trade/copy-trading/kid-generator,sc105ExAnteCosts | sc106RiyCalculator | sc107ExPostCostsReport | sc108KidGenerator,"Do not allow copy setup to bypass suitability, risk cap, cost disclosure, and confirmation."
039,Strategy Automation and Social Trading,Trade tab product hub,Copy trading,Copy Trading,trade,Copy Trading,Copy regulatory and product governance,14,Operate / extend,"Automation hub: learn, simulate, configure, risk gate, manage.",/trade/copy-trading/transaction-reporting | /trade/copy-trading/regulatory-reports-dashboard | /trade/copy-trading/arm-integration-status | /trade/copy-trading/best-execution-reports,sc093TransactionReporting | sc094RegulatoryReportsDashboard | sc095ArmIntegrationStatus | sc096BestExecutionReports,"Do not allow copy setup to bypass suitability, risk cap, cost disclosure, and confirmation."
040,Strategy Automation and Social Trading,Trade tab product hub,Copy trading,Copy Trading,trade,Copy Trading,"Copy complaints, audit and inspection readiness",7,Monitor / manage,"Automation hub: learn, simulate, configure, risk gate, manage.",/trade/copy-trading/complaints-handling | /trade/copy-trading/complaint-submission | /trade/copy-trading/complaint-tracking | /trade/copy-trading/ombudsman-referral,sc111ComplaintsHandling | sc112ComplaintSubmission | sc113ComplaintTracking | sc114OmbudsmanReferral,"Do not allow copy setup to bypass suitability, risk cap, cost disclosure, and confirmation."
041,Strategy Automation and Social Trading,Trade tab product hub,DCA,Investment Automation,dca,DCA / Auto-Invest,DCA overview and demo,2,Discover / orient,"Automation hub: learn, simulate, configure, risk gate, manage.",/dca | /dev/dca-overview,sc169Dca | sc400DcaOverviewDemo,"Keep flow calm, dark, scan-friendly, and state-driven."
042,Strategy Automation and Social Trading,Trade tab product hub,DCA,Investment Automation,dca,DCA / Auto-Invest,DCA schedule lifecycle,2,Setup / configure,"Automation hub: learn, simulate, configure, risk gate, manage.",/dca/schedule/config | /dca/schedule/config001,sc172DcaScheduleConfig | sc173DcaScheduleAnalytics,"Keep flow calm, dark, scan-friendly, and state-driven."
043,Strategy Automation and Social Trading,Trade tab product hub,DCA,Investment Automation,dca,DCA / Auto-Invest,DCA rebalance lifecycle,4,Setup / configure,"Automation hub: learn, simulate, configure, risk gate, manage.",/dca/rebalance/config | /dca/rebalance/config001 | /dca/rebalance/:configId/edit | /dca/rebalance/:configId/history,sc170DcaRebalanceConfig | sc171DcaRebalanceDashboard | sc408DcaRebalanceEdit | sc409DcaRebalanceHistory,"Keep flow calm, dark, scan-friendly, and state-driven."
044,Strategy Automation and Social Trading,Trade tab product hub,DCA,Investment Automation,dca,DCA / Auto-Invest,DCA optimization and strategy tools,6,Setup / configure,"Automation hub: learn, simulate, configure, risk gate, manage.",/dca/portfolio-optimizer | /dca/dynamic-amount | /dca/backtester | /dca/multi-asset,sc174DcaPortfolioOptimizer | sc175DcaDynamicAmount | sc176DcaBacktester | sc177DcaMultiAsset,"Keep flow calm, dark, scan-friendly, and state-driven."
045,"Wallet, Treasury and Controls",Wallet tab,Treasury,Wallet and Treasury,wallet,Wallet Management and Monitoring,"Wallet overview, history and transaction detail",4,Discover / orient,"Treasury hub: balance, funding, withdrawal, transfer, address, network health.",/wallet | /wallet/history | /wallet/transaction/:txId | /wallet/portfolio-analytics,sc135Wallet | sc136TxHistory | sc141TransactionDetail | sc142PortfolioAnalytics,"Treat as high-risk money movement: show fees, limits, counterparties, holds, proof, status, and support path."
046,"Wallet, Treasury and Controls",Wallet tab,Treasury,Wallet and Treasury,wallet,Wallet Money Movement,Deposit and pending deposit tracking,3,Submit / confirm / settle,"Treasury hub: balance, funding, withdrawal, transfer, address, network health.",/wallet/deposit | /wallet/deposit/:asset | /wallet/pending-deposits,sc137Deposit | sc138DepositUsdt | sc152PendingDeposits,"Treat as high-risk money movement: show fees, limits, counterparties, holds, proof, status, and support path."
047,"Wallet, Treasury and Controls",Wallet tab,Treasury,Wallet and Treasury,wallet,Wallet Money Movement,Withdraw and limit controls,3,Submit / confirm / settle,"Treasury hub: balance, funding, withdrawal, transfer, address, network health.",/wallet/withdraw | /wallet/withdraw/:asset | /wallet/limits,sc139Withdraw | sc140WithdrawUsdt | sc153WithdrawLimits,"Treat as high-risk money movement: show fees, limits, counterparties, holds, proof, status, and support path."
048,"Wallet, Treasury and Controls",Wallet tab,Treasury,Wallet and Treasury,wallet,Wallet Money Movement,Address book management,2,Setup / configure,"Treasury hub: balance, funding, withdrawal, transfer, address, network health.",/wallet/address-book/add | /wallet/address-book,sc143AddressAdd | sc144AddressBook,"Treat as high-risk money movement: show fees, limits, counterparties, holds, proof, status, and support path."
049,"Wallet, Treasury and Controls",Wallet tab,Treasury,Wallet and Treasury,wallet,Wallet Money Movement,"Asset, buy and transfer flows",3,Operate / extend,"Treasury hub: balance, funding, withdrawal, transfer, address, network health.",/wallet/buy-crypto | /wallet/transfer | /wallet/asset/:assetId,sc145BuyCrypto | sc146Transfer | sc147AssetDetail,"Treat as high-risk money movement: show fees, limits, counterparties, holds, proof, status, and support path."
050,"Wallet, Treasury and Controls",Wallet tab,Treasury,Wallet and Treasury,wallet,Wallet Management and Monitoring,"Wallet operations, gas, approvals and health",6,Operate / extend,"Treasury hub: balance, funding, withdrawal, transfer, address, network health.",/wallet/multi-manager | /wallet/gas-optimizer | /wallet/token-approval | /wallet/health-score,sc148MultiManager | sc149GasOptimizer | sc150TokenApproval | sc151HealthScore,"Treat as high-risk money movement: show fees, limits, counterparties, holds, proof, status, and support path."
051,"P2P Commerce, Escrow and Compliance",Trade tab product hub,P2P,P2P Trading,p2p,P2P Trading Lifecycle,P2P order lifecycle and chat,9,Submit / confirm / settle,"P2P hub: quote, confirm, order timeline, chat/proof, dispute, merchant trust.",/p2p/express/confirm | /p2p/express | /p2p/order/timeline/:orderId | /p2p/order/rate/:orderId,sc210P2PExpressConfirm | sc211P2PExpress | sc212P2POrderTimeline | sc213P2POrderRate,"Treat as high-risk money movement: show fees, limits, counterparties, holds, proof, status, and support path."
052,"P2P Commerce, Escrow and Compliance",Trade tab product hub,P2P,P2P Trading,p2p,P2P Trading Lifecycle,P2P disputes and evidence,5,Recover / resolve,"P2P hub: quote, confirm, order timeline, chat/proof, dispute, merchant trust.",/p2p/dispute/detail/:disputeId | /p2p/dispute/evidence/:disputeId | /p2p/dispute/resolution/:disputeId | /p2p/dispute/:orderId,sc218P2PDisputeDetail | sc219P2PDisputeEvidence | sc220P2PDisputeResolution | sc221P2PDispute,"Treat as high-risk money movement: show fees, limits, counterparties, holds, proof, status, and support path."
053,"P2P Commerce, Escrow and Compliance",Trade tab product hub,P2P,P2P Trading,p2p,P2P Merchant Operations,"P2P ads, merchant and reputation operations",13,Operate / extend,"P2P hub: quote, confirm, order timeline, chat/proof, dispute, merchant trust.",/p2p/ad-analytics/:adId | /p2p/ad/:adId | /p2p/my-ads | /p2p/create,sc223P2PAdAnalytics | sc224P2PAdDetail | sc225P2PMyAds | sc226P2PCreateAd,"Treat as high-risk money movement: show fees, limits, counterparties, holds, proof, status, and support path."
054,"P2P Commerce, Escrow and Compliance",Trade tab product hub,P2P,P2P Trading,p2p,"P2P Trust, Security and Payment Methods",P2P payment methods,6,Setup / configure,"P2P hub: quote, confirm, order timeline, chat/proof, dispute, merchant trust.",/p2p/payment-method/add | /p2p/payment-method/verification/:methodId | /p2p/payment-method/ownership/:methodId | /p2p/payment-method/cooling-period,sc232P2PPaymentMethodAdd | sc233P2PPaymentMethodVerification | sc234P2PPaymentMethodOwnership | sc235P2PPaymentMethodCoolingPeriod,"Treat as high-risk money movement: show fees, limits, counterparties, holds, proof, status, and support path."
055,"P2P Commerce, Escrow and Compliance",Trade tab product hub,P2P,P2P Trading,p2p,"P2P Trust, Security and Payment Methods",P2P KYC and verification,8,Trust gate / eligibility,"P2P hub: quote, confirm, order timeline, chat/proof, dispute, merchant trust.",/p2p/kyc/requirements | /p2p/kyc/status | /p2p/kyc/identity | /p2p/kyc/address,sc247P2PKycRequirements | sc248P2PKycStatus | sc249P2PIdentityVerification | sc250P2PAddressProof,"Treat as high-risk money movement: show fees, limits, counterparties, holds, proof, status, and support path."
056,"P2P Commerce, Escrow and Compliance",Trade tab product hub,P2P,P2P Trading,p2p,"P2P Trust, Security and Payment Methods",P2P account security,7,Trust gate / eligibility,"P2P hub: quote, confirm, order timeline, chat/proof, dispute, merchant trust.",/p2p/security/center | /p2p/security/2fa | /p2p/security/devices | /p2p/security/anti-phishing,sc253P2PSecurityCenter | sc254P2P2FASettings | sc255P2PDeviceManagement | sc256P2PAntiPhishingCode,"Treat as high-risk money movement: show fees, limits, counterparties, holds, proof, status, and support path."
057,"P2P Commerce, Escrow and Compliance",Trade tab product hub,P2P,P2P Trading,p2p,P2P Trading,P2P escrow and balance,2,Submit / confirm / settle,"P2P hub: quote, confirm, order timeline, chat/proof, dispute, merchant trust.",/p2p/escrow/balance | /p2p/escrow/:orderId,sc245P2PEscrowBalance | sc246P2PEscrowDetail,"Treat as high-risk money movement: show fees, limits, counterparties, holds, proof, status, and support path."
058,"P2P Commerce, Escrow and Compliance",Trade tab product hub,P2P,P2P Trading,p2p,"P2P Risk, Compliance and Wallet Operations","P2P wallet, dashboard and safety tools",12,Monitor / manage,"P2P hub: quote, confirm, order timeline, chat/proof, dispute, merchant trust.",/p2p/e2e-info | /p2p/fraud-prevention | /p2p/wallet/transfer | /p2p/compliance/source-of-funds,sc259P2PE2EInfo | sc260P2PFraudPrevention | sc261P2PWalletTransfer | sc269P2PSourceOfFunds,"Treat as high-risk money movement: show fees, limits, counterparties, holds, proof, status, and support path."
059,"P2P Commerce, Escrow and Compliance",Trade tab product hub,P2P,P2P Trading,p2p,"P2P Risk, Compliance and Wallet Operations","P2P compliance, limits and tax",8,Operate / extend,"P2P hub: quote, confirm, order timeline, chat/proof, dispute, merchant trust.",/p2p/wallet/fund-lock-history | /p2p/wallet/history | /p2p/wallet | /p2p/limits/tracker,sc262P2PFundLockHistory | sc263P2PWalletHistoryAlias | sc264P2PWallet | sc265P2PLimitTracker,"Treat as high-risk money movement: show fees, limits, counterparties, holds, proof, status, and support path."
060,"P2P Commerce, Escrow and Compliance",Trade tab product hub,P2P,P2P Trading,p2p,"P2P Risk, Compliance and Wallet Operations",P2P insurance fund,7,Recover / resolve,"P2P hub: quote, confirm, order timeline, chat/proof, dispute, merchant trust.",/p2p/insurance | /p2p/insurance/certificate | /p2p/insurance/score | /p2p/insurance/policy,sc238P2PInsuranceFund | sc239P2PInsuranceCertificate | sc240P2PInsuranceScore | sc241P2PInsurancePolicy,"Treat as high-risk money movement: show fees, limits, counterparties, holds, proof, status, and support path."
061,"Yield, Savings and Token Access",Trade tab product hub,Earn,Earn and Savings,earn,Staking / Earn,Earn and staking entry,2,Operate / extend,"Yield/token access hub: product detail, risk, allocation, receipt, claim/redeem.",/earn | /earn/staking,sc327StakingEarn | sc328StakingEarnStaking,Use discover -> terms/risk -> allocation/setup -> confirm -> receipt -> manage/redeem/claim sequence.
062,"Yield, Savings and Token Access",Trade tab product hub,Earn,Earn and Savings,earn,Staking / Earn,"Staking terms, risk and policy",5,Trust gate / eligibility,"Yield/token access hub: product detail, risk, allocation, receipt, claim/redeem.",/earn/staking/terms | /earn/staking/risk-disclosure | /earn/staking/withdrawal-policy | /earn/staking/tax-guide,sc353StakingTerms | sc354StakingRiskDisclosure | sc355StakingWithdrawalPolicy | sc356StakingTaxGuide,Use discover -> terms/risk -> allocation/setup -> confirm -> receipt -> manage/redeem/claim sequence.
063,"Yield, Savings and Token Access",Trade tab product hub,Earn,Earn and Savings,earn,Staking / Earn,Staking operations and products,6,Setup / configure,"Yield/token access hub: product detail, risk, allocation, receipt, claim/redeem.",/earn/validator-selection | /earn/auto-compound | /earn/liquid-staking | /earn/advanced-orders,sc362StakingValidatorSelection | sc363StakingAutoCompound | sc364StakingLiquidStaking | sc366StakingAdvancedOrders,Use discover -> terms/risk -> allocation/setup -> confirm -> receipt -> manage/redeem/claim sequence.
064,"Yield, Savings and Token Access",Trade tab product hub,Earn,Earn and Savings,earn,Staking / Earn,Staking dashboard and history,4,Monitor / manage,"Yield/token access hub: product detail, risk, allocation, receipt, claim/redeem.",/earn/dashboard | /earn/analytics | /earn/history | /earn/calendar,sc358StakingDashboard | sc359StakingAnalytics | sc360StakingHistory | sc361StakingEarningsCalendar,Use discover -> terms/risk -> allocation/setup -> confirm -> receipt -> manage/redeem/claim sequence.
065,"Yield, Savings and Token Access",Trade tab product hub,Earn,Earn and Savings,earn,Staking / Earn,"Staking compliance, custody and risk controls",15,Operate / extend,"Yield/token access hub: product detail, risk, allocation, receipt, claim/redeem.",/earn/insurance | /earn/regulatory-framework | /earn/audit-reports | /earn/custody,sc365StakingInsurance | sc373StakingRegulatoryFramework | sc374StakingAuditReports | sc375StakingCustody,Use discover -> terms/risk -> allocation/setup -> confirm -> receipt -> manage/redeem/claim sequence.
066,"Yield, Savings and Token Access",Trade tab product hub,Earn,Earn and Savings,earn,Staking / Earn,Staking education and recommendations,4,Discover / orient,"Yield/token access hub: product detail, risk, allocation, receipt, claim/redeem.",/earn/guide | /earn/faq | /earn/notifications | /earn/recommendations,sc369StakingGuide | sc370StakingFAQ | sc371StakingNotifications | sc372StakingRecommendations,Use discover -> terms/risk -> allocation/setup -> confirm -> receipt -> manage/redeem/claim sequence.
067,"Yield, Savings and Token Access",Trade tab product hub,Earn,Earn and Savings,earn,Staking / Earn,"Staking community, governance and integrations",10,Operate / extend,"Yield/token access hub: product detail, risk, allocation, receipt, claim/redeem.",/earn/social-feed | /earn/community-governance | /earn/proposals | /earn/voting/:proposalId,sc387StakingSocialFeed | sc388StakingCommunityGovernance | sc389StakingProposals | sc390StakingVotingDetail,Use discover -> terms/risk -> allocation/setup -> confirm -> receipt -> manage/redeem/claim sequence.
068,"Yield, Savings and Token Access",Trade tab product hub,Earn,Earn and Savings,earn,Savings,Savings product and portfolio lifecycle,6,Monitor / manage,"Yield/token access hub: product detail, risk, allocation, receipt, claim/redeem.",/earn/savings | /earn/savings/product/sample | /earn/savings/redeem/pos001 | /earn/savings/receipt,sc329Savings | sc330SavingsProductDetail | sc331SavingsRedeem | sc332SavingsReceipt,Use discover -> terms/risk -> allocation/setup -> confirm -> receipt -> manage/redeem/claim sequence.
069,"Yield, Savings and Token Access",Trade tab product hub,Earn,Earn and Savings,earn,Savings,"Savings education, risk and comparison",6,Discover / orient,"Yield/token access hub: product detail, risk, allocation, receipt, claim/redeem.",/earn/savings/guide | /earn/savings/faq | /earn/savings/notifications | /earn/savings/recommendations,sc335SavingsGuide | sc336SavingsFAQ | sc337SavingsNotifications | sc338SavingsRecommendations,Use discover -> terms/risk -> allocation/setup -> confirm -> receipt -> manage/redeem/claim sequence.
070,"Yield, Savings and Token Access",Trade tab product hub,Earn,Earn and Savings,earn,Savings,"Savings automation, analytics and planning",12,Decide / analyze,"Yield/token access hub: product detail, risk, allocation, receipt, claim/redeem.",/earn/savings/auto-compound | /earn/savings/goals | /earn/savings/analytics | /earn/savings/rebalance,sc341AutoCompoundSettings | sc342SavingsGoal | sc343SavingsAnalytics | sc344SavingsAutoRebalance,Use discover -> terms/risk -> allocation/setup -> confirm -> receipt -> manage/redeem/claim sequence.
071,"Yield, Savings and Token Access",Trade tab product hub,Launchpad,Launchpad and Token Access,launchpad,Launchpad Portfolio and Staking,"Launchpad overview, portfolio and staking",4,Discover / orient,"Yield/token access hub: product detail, risk, allocation, receipt, claim/redeem.",/launchpad | /launchpad/portfolio | /launchpad/performance | /launchpad/staking,sc295Launchpad | sc296LaunchpadPortfolio | sc297LaunchpadPerformance | sc298LaunchpadStaking,Use discover -> terms/risk -> allocation/setup -> confirm -> receipt -> manage/redeem/claim sequence.
072,"Yield, Savings and Token Access",Trade tab product hub,Launchpad,Launchpad and Token Access,launchpad,Launchpad Participation and Settlement,"Launchpad IDO bridge, contract and receipt flow",5,Submit / confirm / settle,"Yield/token access hub: product detail, risk, allocation, receipt, claim/redeem.",/launchpad/idobridge/sample | /launchpad/contract/sample | /launchpad/receipt/sub001 | /launchpad/batch-claim,sc299LaunchpadIdoBridge | sc300LaunchpadContract | sc301LaunchpadReceipt | sc304LaunchpadBatchClaim,Use discover -> terms/risk -> allocation/setup -> confirm -> receipt -> manage/redeem/claim sequence.
073,"Yield, Savings and Token Access",Trade tab product hub,Launchpad,Launchpad and Token Access,launchpad,Launchpad Participation and Settlement,Launchpad claim and receipt flow,3,Submit / confirm / settle,"Yield/token access hub: product detail, risk, allocation, receipt, claim/redeem.",/launchpad/claim-receipt/pos001 | /launchpad/bridge-order/tx001 | /launchpad/notif-sound,sc302LaunchpadClaimReceipt | sc303LaunchpadBridgeOrder | sc306LaunchpadNotifSound,Use discover -> terms/risk -> allocation/setup -> confirm -> receipt -> manage/redeem/claim sequence.
074,"Yield, Savings and Token Access",Trade tab product hub,Launchpad,Launchpad and Token Access,launchpad,Launchpad Operations and Risk Tools,"Launchpad execution, automation and risk tools",7,Setup / configure,"Yield/token access hub: product detail, risk, allocation, receipt, claim/redeem.",/launchpad/rebalance | /launchpad/multisig | /launchpad/swap-aggregator | /launchpad/limit-orders,sc312LaunchpadRebalance | sc313LaunchpadMultisig | sc314LaunchpadSwapAggregator | sc315LaunchpadLimitOrders,Use discover -> terms/risk -> allocation/setup -> confirm -> receipt -> manage/redeem/claim sequence.
075,"Yield, Savings and Token Access",Trade tab product hub,Launchpad,Launchpad and Token Access,launchpad,Launchpad Operations and Risk Tools,"Launchpad operations, notifications and address book",5,Discover / orient,"Yield/token access hub: product detail, risk, allocation, receipt, claim/redeem.",/launchpad/event-log | /launchpad/abi-diff/contract001 | /launchpad/address-book | /launchpad/webhooks,sc307LaunchpadEventLog | sc308LaunchpadAbiDiff | sc309LaunchpadAddressBook | sc310LaunchpadWebhooks,Use discover -> terms/risk -> allocation/setup -> confirm -> receipt -> manage/redeem/claim sequence.
076,"Community, Points and Growth",Home / Profile tab,Rewards and referral,Growth and Rewards,rewards,Rewards and Referral,Rewards hub,1,Discover / orient,"Community/growth hub: points, referrals, rewards, fair-play, profile summaries.",/rewards,sc319RewardsHub,"Keep flow calm, dark, scan-friendly, and state-driven."
077,"Community, Points and Growth",Home / Profile tab,Rewards and referral,Growth and Rewards,referral,Rewards and Referral,Referral program home,1,Discover / orient,"Community/growth hub: points, referrals, rewards, fair-play, profile summaries.",/referral,sc290ReferralHome,"Keep flow calm, dark, scan-friendly, and state-driven."
078,"Community, Points and Growth",Home / Profile tab,Rewards and referral,Growth and Rewards,referral,Rewards and Referral,Referral rules,1,Operate / extend,"Community/growth hub: points, referrals, rewards, fair-play, profile summaries.",/referral/rules,sc288ReferralRules,"Keep flow calm, dark, scan-friendly, and state-driven."
079,"Community, Points and Growth",Home / Profile tab,Rewards and referral,Growth and Rewards,referral,Rewards and Referral,Referral history,1,Monitor / manage,"Community/growth hub: points, referrals, rewards, fair-play, profile summaries.",/referral/history,sc286ReferralHistory,"Keep flow calm, dark, scan-friendly, and state-driven."
080,"Community, Points and Growth",Home / Profile tab,Rewards and referral,Growth and Rewards,referral,Rewards and Referral,Referral friend detail,1,Decide / analyze,"Community/growth hub: points, referrals, rewards, fair-play, profile summaries.",/referral/friend/:friendId,sc289ReferralFriendDetail,"Keep flow calm, dark, scan-friendly, and state-driven."
081,"Community, Points and Growth",Home / Profile tab,Rewards and referral,Growth and Rewards,referral,Rewards and Referral,Referral rewards,1,Operate / extend,"Community/growth hub: points, referrals, rewards, fair-play, profile summaries.",/referral/rewards,sc287ReferralRewards,"Keep flow calm, dark, scan-friendly, and state-driven."
082,"Community, Points and Growth",Home / Trade product hub,Open Arena,Open Arena,arena,Open Arena Discovery and Management,"Arena discovery, guide and production handoff",4,Discover / orient,"Community/growth hub: points, referrals, rewards, fair-play, profile summaries.",/arena | /arena/flow-map | /arena/production | /arena/guide,sc184ArenaHome | sc197ArenaFlowMap | sc206ArenaProductionReady | sc209ArenaGuide,Keep points-only language and separate Arena ledger/completion from trading wallet/PnL concepts.
083,"Community, Points and Growth",Home / Trade product hub,Open Arena,Open Arena,arena,Open Arena Gameplay and Creation,Arena creation studio,4,Operate / extend,"Community/growth hub: points, referrals, rewards, fair-play, profile summaries.",/arena/studio | /arena/studio/smart-rules | /arena/studio/presets | /arena/studio/governance,sc185ArenaStudio | sc186ArenaSmartRules | sc187ArenaPresetLibrary | sc188ArenaGovernanceGate,Keep points-only language and separate Arena ledger/completion from trading wallet/PnL concepts.
084,"Community, Points and Growth",Home / Trade product hub,Open Arena,Open Arena,arena,Open Arena Gameplay and Creation,"Arena mode, challenge and resolution flow",4,Operate / extend,"Community/growth hub: points, referrals, rewards, fair-play, profile summaries.",/arena/mode/:modeId | /arena/challenge/:challengeId | /arena/join/:challengeId | /arena/resolution,sc189ArenaModeDetail | sc190ArenaChallengeDetail | sc191ArenaJoin | sc192ArenaResolutionCenter,Keep points-only language and separate Arena ledger/completion from trading wallet/PnL concepts.
085,"Community, Points and Growth",Home / Trade product hub,Open Arena,Open Arena,arena,Open Arena Gameplay and Creation,"Arena creator, leaderboard and verified challenges",3,Decide / analyze,"Community/growth hub: points, referrals, rewards, fair-play, profile summaries.",/arena/creator/:creatorId | /arena/leaderboard | /arena/verified,sc193ArenaCreator | sc194ArenaLeaderboard | sc195VerifiedChallenges,Keep points-only language and separate Arena ledger/completion from trading wallet/PnL concepts.
086,"Community, Points and Growth",Home / Trade product hub,Open Arena,Open Arena,arena,Open Arena Discovery and Management,My Arena management,1,Monitor / manage,"Community/growth hub: points, referrals, rewards, fair-play, profile summaries.",/arena/my,sc205MyArena,Keep points-only language and separate Arena ledger/completion from trading wallet/PnL concepts.
087,"Community, Points and Growth",Home / Trade product hub,Open Arena,Open Arena,arena,"Arena Safety, Trust and Ledger","Arena safety, moderation and reporting",4,Monitor / manage,"Community/growth hub: points, referrals, rewards, fair-play, profile summaries.",/arena/safety | /arena/report/:caseId | /arena/blocked | /arena/my-reports,sc198ArenaSafetyCenter | sc202ArenaReportCase | sc203ArenaBlockedUsers | sc204MyArenaReports,Keep points-only language and separate Arena ledger/completion from trading wallet/PnL concepts.
088,"Community, Points and Growth",Home / Trade product hub,Open Arena,Open Arena,arena,"Arena Safety, Trust and Ledger",Arena trust and points ledger,3,Monitor / manage,"Community/growth hub: points, referrals, rewards, fair-play, profile summaries.",/arena/trust/:userId | /arena/ledger/entry/:entryId | /arena/ledger,sc199ArenaTrustBreakdown | sc200ArenaPointsEntryDetail | sc201ArenaPointsLedger,Keep points-only language and separate Arena ledger/completion from trading wallet/PnL concepts.
089,"Community, Points and Growth",Home / Trade product hub,Open Arena,Open Arena,arena,Arena Prediction Bridge,Arena and Prediction bridge,2,Operate / extend,"Community/growth hub: points, referrals, rewards, fair-play, profile summaries.",/arena/bridge | /arena/ecosystem,sc207ArenaPredictionBridgeFoundation | sc208ConnectedEcosystemProduction,Keep points-only language and separate Arena ledger/completion from trading wallet/PnL concepts.
090,"Support, Recovery and Service Operations",Profile tab / contextual support,Support,Support and Service,support,Support and Help,Help center,1,Operate / extend,Recovery hub: contextual cases tied to order/tx/security/product state.,/support,sc294Support,"Must become contextual support for orders, withdrawals, KYC, P2P, staking, launchpad, and security cases."
091,"Support, Recovery and Service Operations",Profile tab / contextual support,Support,Support and Service,support,Support and Help,Support ticket center,1,Recover / resolve,Recovery hub: contextual cases tied to order/tx/security/product state.,/support/help,sc292HelpCenter,"Must become contextual support for orders, withdrawals, KYC, P2P, staking, launchpad, and security cases."
092,"Support, Recovery and Service Operations",Profile tab / contextual support,Support,Support and Service,support,Support and Help,Announcements,1,Operate / extend,Recovery hub: contextual cases tied to order/tx/security/product state.,/support/announcements,sc293Announcements,"Must become contextual support for orders, withdrawals, KYC, P2P, staking, launchpad, and security cases."
093,Gated Operations and Internal Tooling,Admin gated,Enterprise operations,Enterprise Operations,cross_module,Enterprise Cross-Module Intelligence,Unified portfolio intelligence,1,Decide / analyze,Gated operational tooling.,/unified-portfolio,sc321UnifiedPortfolio,"Keep flow calm, dark, scan-friendly, and state-driven."
094,Gated Operations and Internal Tooling,Admin gated,Enterprise operations,Enterprise Operations,cross_module,Enterprise Cross-Module Intelligence,Smart alerts,1,Operate / extend,Gated operational tooling.,/smart-alerts,sc323SmartAlertCenter,"Keep flow calm, dark, scan-friendly, and state-driven."
095,Gated Operations and Internal Tooling,Admin gated,Enterprise operations,Enterprise Operations,cross_module,Enterprise Cross-Module Intelligence,Cross-module analytics,1,Decide / analyze,Gated operational tooling.,/cross-module-analytics,sc322CrossModuleAnalytics,"Keep flow calm, dark, scan-friendly, and state-driven."
096,Gated Operations and Internal Tooling,Admin gated,Enterprise operations,Enterprise Operations,cross_module,Enterprise Cross-Module Intelligence,Tax reporting,1,Monitor / manage,Gated operational tooling.,/tax-reports,sc324TaxReportCenter,"Keep flow calm, dark, scan-friendly, and state-driven."
097,Gated Operations and Internal Tooling,Admin gated,Enterprise operations,Enterprise Operations,admin,Admin and Analytics,Admin operations,2,Operate / extend,Gated operational tooling.,/admin | /admin/settings,sc180AdminHome | sc410AdminSettings,"Keep flow calm, dark, scan-friendly, and state-driven."
098,Gated Operations and Internal Tooling,Admin gated,Enterprise operations,Enterprise Operations,admin,Admin and Analytics,Admin analytics dashboards,3,Decide / analyze,Gated operational tooling.,/admin/analytics | /admin/abtests | /admin/funnels,sc181AnalyticsDashboard | sc182AbTestDashboard | sc183FunnelDashboard,"Keep flow calm, dark, scan-friendly, and state-driven."
099,Gated Operations and Internal Tooling,Admin gated,Enterprise operations,Enterprise Operations,enterprise_states,Enterprise Cross-Module Intelligence,Enterprise state patterns,1,Operate / extend,Gated operational tooling.,/enterprise-states,sc320EnterpriseStates,"Keep flow calm, dark, scan-friendly, and state-driven."
100,Gated Operations and Internal Tooling,Dev gated,Developer QA,Developer and QA Tooling,dev,Developer and QA Tools,Route QA,1,Operate / extend,Gated operational tooling.,/dev/route-checker,sc325RouteChecker,Keep dev-gated; do not expose in production customer IA.
101,Gated Operations and Internal Tooling,Dev gated,Developer QA,Developer and QA Tooling,dev,Developer and QA Tools,Design system QA,1,Operate / extend,Gated operational tooling.,/dev/design-system,sc399DesignSystem,Keep dev-gated; do not expose in production customer IA.
102,Gated Operations and Internal Tooling,Dev gated,Developer QA,Developer and QA Tooling,dev,Developer and QA Tools,Performance QA,1,Monitor / manage,Gated operational tooling.,/dev/performance-monitor,sc326PerformanceMonitor,Keep dev-gated; do not expose in production customer IA.
103,Gated Operations and Internal Tooling,Dev gated,Developer QA,Developer and QA Tooling,dev,Developer and QA Tools,Development showcase,1,Operate / extend,Gated operational tooling.,/dev/showcase,sc398MissingScreensShowcase,Keep dev-gated; do not expose in production customer IA.
104,Gated Operations and Internal Tooling,Dev gated,Developer QA,Developer and QA Tooling,trade,Developer and QA Tools,Copy trading card demo,1,Operate / extend,Gated operational tooling.,/demo/copy-card,sc401CopyTradingCardDemo,Keep dev-gated; do not expose in production customer IA.
