batch,cluster,file,tier,status
0,home,flutter_app/lib/features/home/presentation/pages/home_page_state.dart,compact,done
0,home,flutter_app/lib/features/home/presentation/widgets/home_status_content.dart,compact,done
0,discovery,flutter_app/lib/features/discovery/presentation/pages/topic_hub_page.dart,compact,done
0,discovery,flutter_app/lib/features/discovery/presentation/pages/unified_search_page.dart,compact,done
0,news,flutter_app/lib/features/news/presentation/pages/news_page.dart,compact,done
0,notifications,flutter_app/lib/features/notifications/presentation/pages/notifications_page.dart,compact,done
0,markets,flutter_app/lib/features/markets/presentation/pages/hub/market_list_page.dart,compact,done
0,markets,flutter_app/lib/features/markets/presentation/pages/hub/market_overview_page.dart,compact,done
0,markets,flutter_app/lib/features/markets/presentation/pages/hub/watchlist_page.dart,compact,done
0,markets,flutter_app/lib/features/markets/presentation/pages/pair/market_depth_page.dart,flush,done
0,markets,flutter_app/lib/features/markets/presentation/pages/pair/market_heatmap_page.dart,compact,done
0,markets,flutter_app/lib/features/markets/presentation/pages/pair/pair_detail_page.dart,compact,done
0,markets,flutter_app/lib/features/markets/presentation/pages/portfolio/advanced_charts_page_tabs_filters_widgets.dart,flush,done
0,markets,flutter_app/lib/features/markets/presentation/pages/portfolio/portfolio_tracker_page_overview_widgets.dart,compact,done
0,markets,flutter_app/lib/features/markets/presentation/pages/portfolio/price_alerts_page.dart,compact,done
0,markets,flutter_app/lib/features/markets/presentation/pages/research/market_news_page.dart,compact,done
0,markets,flutter_app/lib/features/markets/presentation/pages/research/social_sentiment_page.dart,compact,done
0,markets,flutter_app/lib/features/markets/presentation/pages/research/social_signals_page_tabs_widgets.dart,compact,done
0,markets,flutter_app/lib/features/markets/presentation/pages/research/token_info_page.dart,compact,done
0,markets,flutter_app/lib/features/markets/presentation/pages/research/token_unlocks_page_upcoming_widgets.dart,compact,done
0,markets,flutter_app/lib/features/markets/presentation/pages/tools/comparison_tool_page.dart,compact,done
0,markets,flutter_app/lib/features/markets/presentation/pages/tools/derivatives_overview_page.dart,compact,done
0,markets,flutter_app/lib/features/markets/presentation/pages/tools/market_calendar_page.dart,compact,done
0,markets,flutter_app/lib/features/markets/presentation/pages/tools/market_correlations_page.dart,compact,done
0,markets,flutter_app/lib/features/markets/presentation/pages/tools/market_movers_page.dart,compact,done
0,markets,flutter_app/lib/features/markets/presentation/pages/tools/market_screener_page.dart,compact,done
0,markets,flutter_app/lib/features/markets/presentation/pages/tools/market_sectors_page.dart,compact,done
0,predictions,flutter_app/lib/features/predictions/presentation/pages/event/prediction_advanced_chart_page.dart,flush,done
0,predictions,flutter_app/lib/features/predictions/presentation/pages/event/prediction_event_detail_page.dart,standard,done
0,predictions,flutter_app/lib/features/predictions/presentation/pages/hub/predictions_breaking_page.dart,compact,done
0,predictions,flutter_app/lib/features/predictions/presentation/pages/hub/predictions_home_page.dart,compact,done
0,predictions,flutter_app/lib/features/predictions/presentation/pages/hub/predictions_rewards_page.dart,compact,done
0,predictions,flutter_app/lib/features/predictions/presentation/pages/hub/predictions_search_page.dart,compact,done
0,predictions,flutter_app/lib/features/predictions/presentation/pages/portfolio/prediction_market_maker_page.dart,standard,done
0,predictions,flutter_app/lib/features/predictions/presentation/pages/portfolio/prediction_portfolio_analyzer_page.dart,standard,done
0,predictions,flutter_app/lib/features/predictions/presentation/pages/portfolio/prediction_risk_calculator_page.dart,standard,done
0,predictions,flutter_app/lib/features/predictions/presentation/pages/portfolio/predictions_portfolio_page.dart,standard,done
0,predictions,flutter_app/lib/features/predictions/presentation/pages/social/prediction_data_integration_page.dart,standard,done
0,predictions,flutter_app/lib/features/predictions/presentation/pages/social/prediction_event_calendar_page.dart,standard,done
0,predictions,flutter_app/lib/features/predictions/presentation/pages/social/prediction_social_page.dart,standard,done
0,predictions,flutter_app/lib/features/predictions/presentation/pages/social/prediction_tournaments_page.dart,standard,done
0,predictions,flutter_app/lib/features/predictions/presentation/pages/social/predictions_global_activity_page.dart,compact,done
0,predictions,flutter_app/lib/features/predictions/presentation/pages/social/predictions_leaderboard_page.dart,compact,done
0,predictions,flutter_app/lib/features/predictions/presentation/widgets/event/prediction_advanced_chart_analysis.dart,flush,done
0,predictions,flutter_app/lib/features/predictions/presentation/widgets/event/prediction_advanced_chart_indicators.dart,flush,done
0,predictions,flutter_app/lib/features/predictions/presentation/widgets/event/prediction_advanced_chart_overview.dart,flush,done
0,predictions,flutter_app/lib/features/predictions/presentation/widgets/event/prediction_order_receipt_page_sections.dart,standard,done
0,predictions,flutter_app/lib/features/predictions/presentation/widgets/social/prediction_tournaments_detail.dart,standard,done
0,arena,flutter_app/lib/features/arena/presentation/pages/bridge/arena_prediction_bridge_foundation_page_principles_section.dart,standard,done
0,arena,flutter_app/lib/features/arena/presentation/pages/bridge/connected_ecosystem_production_page.dart,standard,done
0,arena,flutter_app/lib/features/arena/presentation/pages/challenge/arena_challenge_detail_page.dart,standard,done
0,arena,flutter_app/lib/features/arena/presentation/pages/challenge/arena_join_page.dart,standard,done
0,arena,flutter_app/lib/features/arena/presentation/pages/challenge/arena_leaderboard_page.dart,compact,done
0,arena,flutter_app/lib/features/arena/presentation/pages/challenge/arena_mode_detail_page.dart,standard,done
0,arena,flutter_app/lib/features/arena/presentation/pages/challenge/verified_challenges_page.dart,standard,done
0,arena,flutter_app/lib/features/arena/presentation/pages/governance/arena_blocked_users_page.dart,standard,done
0,arena,flutter_app/lib/features/arena/presentation/pages/governance/arena_governance_gate_page.dart,form,done
0,arena,flutter_app/lib/features/arena/presentation/pages/governance/arena_guide_page.dart,standard,done
0,arena,flutter_app/lib/features/arena/presentation/pages/governance/arena_report_case_page.dart,standard,done
0,arena,flutter_app/lib/features/arena/presentation/pages/governance/arena_resolution_center_page.dart,standard,done
0,arena,flutter_app/lib/features/arena/presentation/pages/governance/arena_safety_center_page.dart,standard,done
0,arena,flutter_app/lib/features/arena/presentation/pages/governance/arena_trust_breakdown_page.dart,standard,done
0,arena,flutter_app/lib/features/arena/presentation/pages/governance/my_arena_reports_page.dart,compact,done
0,arena,flutter_app/lib/features/arena/presentation/pages/hub/arena_flow_map_page.dart,standard,done
0,arena,flutter_app/lib/features/arena/presentation/pages/hub/arena_home_page_hero_and_templates.dart,compact,done
0,arena,flutter_app/lib/features/arena/presentation/pages/hub/arena_production_ready_page_screens_states_section.dart,standard,done
0,arena,flutter_app/lib/features/arena/presentation/pages/hub/my_arena_page.dart,compact,done
0,arena,flutter_app/lib/features/arena/presentation/pages/points/arena_points_entry_detail_page.dart,standard,done
0,arena,flutter_app/lib/features/arena/presentation/pages/points/arena_points_ledger_page.dart,standard,done
0,arena,flutter_app/lib/features/arena/presentation/pages/studio/arena_creator_page.dart,standard,done
0,arena,flutter_app/lib/features/arena/presentation/pages/studio/arena_smart_rule_builder_page.dart,standard,done
0,arena,flutter_app/lib/features/arena/presentation/pages/studio/arena_studio_page.dart,standard,done
0,arena,flutter_app/lib/features/arena/presentation/pages/studio/arena_universal_preset_library_page.dart,standard,done
0,wallet,flutter_app/lib/features/wallet/presentation/pages/address/address_add_page.dart,form,done
0,wallet,flutter_app/lib/features/wallet/presentation/pages/address/address_book_page.dart,standard,done
0,wallet,flutter_app/lib/features/wallet/presentation/pages/assets/asset_detail_page.dart,standard,done
0,wallet,flutter_app/lib/features/wallet/presentation/pages/history/transaction_history_page.dart,standard,done
0,wallet,flutter_app/lib/features/wallet/presentation/pages/hub/wallet_page.dart,standard,done
0,wallet,flutter_app/lib/features/wallet/presentation/pages/tools/network_status_page.dart,standard,done
0,wallet,flutter_app/lib/features/wallet/presentation/pages/tools/portfolio_analytics_page.dart,standard,done
0,wallet,flutter_app/lib/features/wallet/presentation/pages/tools/wallet_gas_optimizer_page.dart,standard,done
0,wallet,flutter_app/lib/features/wallet/presentation/pages/tools/wallet_multi_manager_page.dart,standard,done
0,wallet,flutter_app/lib/features/wallet/presentation/pages/tools/wallet_token_approval_page.dart,standard,done
0,wallet,flutter_app/lib/features/wallet/presentation/pages/transfer/pending_deposits_page.dart,standard,done
0,wallet,flutter_app/lib/features/wallet/presentation/pages/transfer/withdraw_limits_page.dart,form,done
0,wallet,flutter_app/lib/features/wallet/presentation/widgets/address/wallet_address_add_preview.dart,form,done
0,wallet,flutter_app/lib/features/wallet/presentation/widgets/assets/wallet_buy_crypto_result_sections.dart,standard,done
1,wallet,flutter_app/lib/features/wallet/presentation/widgets/hub/vit_wallet_detail_scaffold.dart,standard,pending
0,wallet,flutter_app/lib/features/wallet/presentation/widgets/tools/wallet_health_score_page_shell.dart,standard,done
0,profile,flutter_app/lib/features/profile/presentation/pages/activity_log_page.dart,standard,done
0,profile,flutter_app/lib/features/profile/presentation/pages/api_key_create_page.dart,standard,done
0,profile,flutter_app/lib/features/profile/presentation/pages/api_management_page.dart,standard,done
0,profile,flutter_app/lib/features/profile/presentation/pages/device_management_page.dart,standard,done
0,profile,flutter_app/lib/features/profile/presentation/pages/edit_profile_page.dart,standard,done
0,profile,flutter_app/lib/features/profile/presentation/pages/kyc_page.dart,form,done
0,profile,flutter_app/lib/features/profile/presentation/pages/profile_page.dart,standard,done
0,profile,flutter_app/lib/features/profile/presentation/pages/security_page.dart,standard,done
0,profile,flutter_app/lib/features/profile/presentation/pages/settings_page.dart,standard,done
0,profile,flutter_app/lib/features/profile/presentation/pages/sub_account_page.dart,standard,done
0,profile,flutter_app/lib/features/profile/presentation/pages/vip_page.dart,standard,done
0,profile,flutter_app/lib/features/profile/presentation/widgets/profile_api_key_create_result.dart,standard,done
0,auth,flutter_app/lib/features/auth/presentation/pages/forgot_password_page.dart,form,done
0,auth,flutter_app/lib/features/auth/presentation/pages/login_page.dart,flush,done
0,auth,flutter_app/lib/features/auth/presentation/pages/otp_page.dart,form,done
0,auth,flutter_app/lib/features/auth/presentation/pages/register_page.dart,form,done
0,auth,flutter_app/lib/features/auth/presentation/pages/reset_password_page.dart,form,done
0,auth,flutter_app/lib/features/auth/presentation/pages/two_fa_setup_page.dart,form,done
0,onboarding,flutter_app/lib/features/onboarding/presentation/widgets/onboarding_step_screens.dart,form,done
0,admin,flutter_app/lib/features/admin/presentation/pages/ab_test_dashboard.dart,standard,done
0,admin,flutter_app/lib/features/admin/presentation/pages/admin_home.dart,standard,done
0,admin,flutter_app/lib/features/admin/presentation/pages/admin_settings_page.dart,standard,done
0,admin,flutter_app/lib/features/admin/presentation/pages/analytics_dashboard.dart,standard,done
0,admin,flutter_app/lib/features/admin/presentation/pages/funnel_dashboard.dart,standard,done
0,cross_module,flutter_app/lib/features/cross_module/presentation/widgets/cross_module_tabbed_shell.dart,standard,done
0,dca,flutter_app/lib/features/dca/presentation/pages/hub/dca_overview_demo.dart,standard,done
0,dca,flutter_app/lib/features/dca/presentation/pages/hub/dca_page_state_overview.dart,standard,done
0,dca,flutter_app/lib/features/dca/presentation/pages/portfolio/dca_multi_asset_page_setup.dart,standard,done
0,dca,flutter_app/lib/features/dca/presentation/pages/portfolio/dca_performance_compare_page.dart,standard,done
0,dca,flutter_app/lib/features/dca/presentation/pages/portfolio/dca_portfolio_optimizer_page.dart,standard,done
0,dca,flutter_app/lib/features/dca/presentation/pages/portfolio/dca_rebalance_config_page.dart,standard,done
0,dca,flutter_app/lib/features/dca/presentation/pages/portfolio/dca_rebalance_config_page_settings_and_preview.dart,standard,done
0,dca,flutter_app/lib/features/dca/presentation/pages/portfolio/dca_rebalance_dashboard_page.dart,standard,done
0,dca,flutter_app/lib/features/dca/presentation/pages/research/dca_backtester_page.dart,standard,done
0,dca,flutter_app/lib/features/dca/presentation/pages/research/dca_dynamic_amount_page.dart,standard,done
0,dca,flutter_app/lib/features/dca/presentation/pages/schedule/dca_schedule_analytics_page.dart,standard,done
0,dca,flutter_app/lib/features/dca/presentation/pages/schedule/dca_schedule_config_page.dart,standard,done
0,dca,flutter_app/lib/features/dca/presentation/pages/schedule/dca_smart_rules_page.dart,standard,done
0,launchpad,flutter_app/lib/features/launchpad/presentation/pages/bridge/launchpad_bridge_compare_page.dart,standard,done
0,launchpad,flutter_app/lib/features/launchpad/presentation/pages/bridge/launchpad_bridge_order_page.dart,standard,done
0,launchpad,flutter_app/lib/features/launchpad/presentation/pages/bridge/launchpad_ido_bridge_page.dart,standard,done
0,launchpad,flutter_app/lib/features/launchpad/presentation/pages/bridge/launchpad_swap_aggregator_page.dart,standard,done
0,launchpad,flutter_app/lib/features/launchpad/presentation/pages/claim/launchpad_batch_claim_page.dart,standard,done
0,launchpad,flutter_app/lib/features/launchpad/presentation/pages/claim/launchpad_claim_receipt_page.dart,standard,done
0,launchpad,flutter_app/lib/features/launchpad/presentation/pages/hub/launchpad_contract_page.dart,standard,done
0,launchpad,flutter_app/lib/features/launchpad/presentation/pages/hub/launchpad_detail_page.dart,standard,done
0,launchpad,flutter_app/lib/features/launchpad/presentation/pages/hub/launchpad_page.dart,standard,done
0,launchpad,flutter_app/lib/features/launchpad/presentation/pages/hub/launchpad_performance_page.dart,standard,done
0,launchpad,flutter_app/lib/features/launchpad/presentation/pages/hub/launchpad_portfolio_page.dart,standard,done
0,launchpad,flutter_app/lib/features/launchpad/presentation/pages/hub/launchpad_receipt_page.dart,standard,done
0,launchpad,flutter_app/lib/features/launchpad/presentation/pages/tools/launchpad_abi_diff_page.dart,standard,done
0,launchpad,flutter_app/lib/features/launchpad/presentation/pages/tools/launchpad_address_book_page.dart,standard,done
0,launchpad,flutter_app/lib/features/launchpad/presentation/pages/tools/launchpad_dca_builder_page.dart,standard,done
0,launchpad,flutter_app/lib/features/launchpad/presentation/pages/tools/launchpad_event_log_page.dart,standard,done
0,launchpad,flutter_app/lib/features/launchpad/presentation/pages/tools/launchpad_gas_tracker_page.dart,standard,done
0,launchpad,flutter_app/lib/features/launchpad/presentation/pages/tools/launchpad_limit_orders_page.dart,standard,done
0,launchpad,flutter_app/lib/features/launchpad/presentation/pages/tools/launchpad_multisig_page.dart,standard,done
0,launchpad,flutter_app/lib/features/launchpad/presentation/pages/tools/launchpad_notif_sound_page.dart,standard,done
0,launchpad,flutter_app/lib/features/launchpad/presentation/pages/tools/launchpad_rebalance_page.dart,standard,done
0,launchpad,flutter_app/lib/features/launchpad/presentation/pages/tools/launchpad_risk_analytics_page.dart,standard,done
0,launchpad,flutter_app/lib/features/launchpad/presentation/pages/tools/launchpad_staking_page.dart,standard,done
0,launchpad,flutter_app/lib/features/launchpad/presentation/pages/tools/launchpad_webhooks_page.dart,standard,done
0,referral,flutter_app/lib/features/referral/presentation/pages/referral_friend_detail_page.dart,standard,done
0,referral,flutter_app/lib/features/referral/presentation/pages/referral_history_page.dart,standard,done
0,referral,flutter_app/lib/features/referral/presentation/pages/referral_home_page.dart,standard,done
0,referral,flutter_app/lib/features/referral/presentation/pages/referral_rewards_page_state.dart,standard,done
0,referral,flutter_app/lib/features/referral/presentation/pages/referral_rules_page.dart,standard,done
0,support,flutter_app/lib/features/support/presentation/pages/announcements_page.dart,standard,done
0,support,flutter_app/lib/features/support/presentation/pages/help_center_page.dart,standard,done
0,support,flutter_app/lib/features/support/presentation/pages/support_page.dart,standard,done
0,dev,flutter_app/lib/features/dev/presentation/pages/design_system_page.dart,flush,done
0,dev,flutter_app/lib/features/dev/presentation/pages/missing_screens_showcase_page.dart,flush,done
0,dev,flutter_app/lib/features/dev/presentation/pages/performance_monitor.dart,flush,done
0,dev,flutter_app/lib/features/dev/presentation/pages/route_checker_page.dart,flush,done
0,shared,flutter_app/lib/app/router/internal_surface_gate.dart,standard,done
0,earn_savings,flutter_app/lib/features/earn_savings/presentation/pages/savings/auto_compound_settings_page.dart,standard,done
0,earn_savings,flutter_app/lib/features/earn_savings/presentation/pages/savings/earn_portfolio_page.dart,standard,done
0,earn_savings,flutter_app/lib/features/earn_savings/presentation/pages/savings/savings_analytics_page.dart,standard,done
0,earn_savings,flutter_app/lib/features/earn_savings/presentation/pages/savings/savings_auto_rebalance_page.dart,standard,done
0,earn_savings,flutter_app/lib/features/earn_savings/presentation/pages/savings/savings_autopilot_page.dart,standard,done
0,earn_savings,flutter_app/lib/features/earn_savings/presentation/pages/savings/savings_backtest_page.dart,standard,done
0,earn_savings,flutter_app/lib/features/earn_savings/presentation/pages/savings/savings_comparison_page.dart,standard,done
0,earn_savings,flutter_app/lib/features/earn_savings/presentation/pages/savings/savings_dca_page.dart,standard,done
0,earn_savings,flutter_app/lib/features/earn_savings/presentation/pages/savings/savings_export_page.dart,standard,done
0,earn_savings,flutter_app/lib/features/earn_savings/presentation/pages/savings/savings_faq_page.dart,standard,done
0,earn_savings,flutter_app/lib/features/earn_savings/presentation/pages/savings/savings_goal_page.dart,standard,done
0,earn_savings,flutter_app/lib/features/earn_savings/presentation/pages/savings/savings_guide_page.dart,standard,done
0,earn_savings,flutter_app/lib/features/earn_savings/presentation/pages/savings/savings_history_page.dart,standard,done
0,earn_savings,flutter_app/lib/features/earn_savings/presentation/pages/savings/savings_ladder_page.dart,standard,done
0,earn_savings,flutter_app/lib/features/earn_savings/presentation/pages/savings/savings_notification_preferences_page.dart,standard,done
0,earn_savings,flutter_app/lib/features/earn_savings/presentation/pages/savings/savings_notifications_page.dart,standard,done
0,earn_savings,flutter_app/lib/features/earn_savings/presentation/pages/savings/savings_page.dart,standard,done
0,earn_savings,flutter_app/lib/features/earn_savings/presentation/pages/savings/savings_product_detail_page.dart,standard,done
0,earn_savings,flutter_app/lib/features/earn_savings/presentation/pages/savings/savings_receipt_page.dart,standard,done
0,earn_savings,flutter_app/lib/features/earn_savings/presentation/pages/savings/savings_recommendations_page.dart,standard,done
0,earn_savings,flutter_app/lib/features/earn_savings/presentation/pages/savings/savings_redeem_page.dart,standard,done
0,earn_savings,flutter_app/lib/features/earn_savings/presentation/pages/savings/savings_risk_assessment_page.dart,standard,done
0,earn_savings,flutter_app/lib/features/earn_savings/presentation/pages/savings/savings_smart_suggestions_page.dart,standard,done
0,earn_savings,flutter_app/lib/features/earn_savings/presentation/pages/savings/savings_what_if_page.dart,standard,done
0,earn_savings,flutter_app/lib/features/earn_savings/presentation/widgets/savings/savings_auto_rebalance_allocation.dart,standard,done
0,earn_savings,flutter_app/lib/features/earn_savings/presentation/widgets/savings/savings_auto_rebalance_drift_history.dart,standard,done
0,earn_savings,flutter_app/lib/features/earn_savings/presentation/widgets/savings/savings_auto_rebalance_settings.dart,standard,done
0,earn_savings,flutter_app/lib/features/earn_savings/presentation/widgets/savings/savings_auto_rebalance_strategy.dart,standard,done
0,earn_savings,flutter_app/lib/features/earn_savings/presentation/widgets/savings/savings_ladder_analysis.dart,standard,done
0,earn_savings,flutter_app/lib/features/earn_savings/presentation/widgets/savings/savings_ladder_builder_config.dart,standard,done
0,earn_savings,flutter_app/lib/features/earn_savings/presentation/widgets/savings/savings_ladder_rung_manager.dart,standard,done
0,earn_savings,flutter_app/lib/features/earn_savings/presentation/widgets/savings/savings_ladder_timeline.dart,standard,done
0,earn_savings,flutter_app/lib/features/earn_savings/presentation/widgets/savings/savings_portfolio_overview.dart,standard,done
0,earn_staking,flutter_app/lib/features/earn_staking/presentation/pages/staking/staking_advanced_orders_page.dart,standard,done
0,earn_staking,flutter_app/lib/features/earn_staking/presentation/pages/staking/staking_analytics_page.dart,standard,done
0,earn_staking,flutter_app/lib/features/earn_staking/presentation/pages/staking/staking_api_documentation_page.dart,standard,done
0,earn_staking,flutter_app/lib/features/earn_staking/presentation/pages/staking/staking_audit_reports_page.dart,standard,done
0,earn_staking,flutter_app/lib/features/earn_staking/presentation/pages/staking/staking_auto_compound_page.dart,standard,done
0,earn_staking,flutter_app/lib/features/earn_staking/presentation/pages/staking/staking_community_governance_page.dart,standard,done
0,earn_staking,flutter_app/lib/features/earn_staking/presentation/pages/staking/staking_contingency_plan_page.dart,standard,done
0,earn_staking,flutter_app/lib/features/earn_staking/presentation/pages/staking/staking_custody_page.dart,standard,done
0,earn_staking,flutter_app/lib/features/earn_staking/presentation/pages/staking/staking_dashboard_page.dart,standard,done
0,earn_staking,flutter_app/lib/features/earn_staking/presentation/pages/staking/staking_data_export_page.dart,standard,done
0,earn_staking,flutter_app/lib/features/earn_staking/presentation/pages/staking/staking_developer_console_page.dart,standard,done
0,earn_staking,flutter_app/lib/features/earn_staking/presentation/pages/staking/staking_earn_page.dart,standard,done
0,earn_staking,flutter_app/lib/features/earn_staking/presentation/pages/staking/staking_earnings_calendar_page.dart,standard,done
0,earn_staking,flutter_app/lib/features/earn_staking/presentation/pages/staking/staking_emergency_actions_page.dart,standard,done
0,earn_staking,flutter_app/lib/features/earn_staking/presentation/pages/staking/staking_faq_page.dart,standard,done
0,earn_staking,flutter_app/lib/features/earn_staking/presentation/pages/staking/staking_forum_page.dart,standard,done
0,earn_staking,flutter_app/lib/features/earn_staking/presentation/pages/staking/staking_guide_page.dart,standard,done
0,earn_staking,flutter_app/lib/features/earn_staking/presentation/pages/staking/staking_history_page.dart,standard,done
0,earn_staking,flutter_app/lib/features/earn_staking/presentation/pages/staking/staking_institutional_page.dart,standard,done
0,earn_staking,flutter_app/lib/features/earn_staking/presentation/pages/staking/staking_insurance_fund_transparency_page.dart,standard,done
0,earn_staking,flutter_app/lib/features/earn_staking/presentation/pages/staking/staking_insurance_page.dart,standard,done
0,earn_staking,flutter_app/lib/features/earn_staking/presentation/pages/staking/staking_liquid_staking_page.dart,standard,done
0,earn_staking,flutter_app/lib/features/earn_staking/presentation/pages/staking/staking_multi_chain_page.dart,standard,done
0,earn_staking,flutter_app/lib/features/earn_staking/presentation/pages/staking/staking_notifications_page.dart,standard,done
0,earn_staking,flutter_app/lib/features/earn_staking/presentation/pages/staking/staking_proof_of_reserves_page.dart,standard,done
0,earn_staking,flutter_app/lib/features/earn_staking/presentation/pages/staking/staking_proposals_page.dart,standard,done
0,earn_staking,flutter_app/lib/features/earn_staking/presentation/pages/staking/staking_recommendations_page.dart,standard,done
0,earn_staking,flutter_app/lib/features/earn_staking/presentation/pages/staking/staking_regulatory_framework_page.dart,standard,done
0,earn_staking,flutter_app/lib/features/earn_staking/presentation/pages/staking/staking_risk_assessment_page.dart,standard,done
0,earn_staking,flutter_app/lib/features/earn_staking/presentation/pages/staking/staking_risk_dashboard_page.dart,standard,done
0,earn_staking,flutter_app/lib/features/earn_staking/presentation/pages/staking/staking_risk_disclosure_page.dart,standard,done
0,earn_staking,flutter_app/lib/features/earn_staking/presentation/pages/staking/staking_risk_score_calculator_page.dart,standard,done
0,earn_staking,flutter_app/lib/features/earn_staking/presentation/pages/staking/staking_slashing_history_page.dart,standard,done
0,earn_staking,flutter_app/lib/features/earn_staking/presentation/pages/staking/staking_social_feed_page.dart,standard,done
0,earn_staking,flutter_app/lib/features/earn_staking/presentation/pages/staking/staking_suitability_assessment_page.dart,standard,done
0,earn_staking,flutter_app/lib/features/earn_staking/presentation/pages/staking/staking_tax_guide_page.dart,standard,done
0,earn_staking,flutter_app/lib/features/earn_staking/presentation/pages/staking/staking_terms_page.dart,standard,done
0,earn_staking,flutter_app/lib/features/earn_staking/presentation/pages/staking/staking_third_party_integrations_page.dart,standard,done
0,earn_staking,flutter_app/lib/features/earn_staking/presentation/pages/staking/staking_transaction_reporting_page.dart,standard,done
0,earn_staking,flutter_app/lib/features/earn_staking/presentation/pages/staking/staking_validator_health_monitor_page.dart,standard,done
0,earn_staking,flutter_app/lib/features/earn_staking/presentation/pages/staking/staking_validator_selection_page.dart,standard,done
0,earn_staking,flutter_app/lib/features/earn_staking/presentation/pages/staking/staking_voting_page.dart,standard,done
0,earn_staking,flutter_app/lib/features/earn_staking/presentation/pages/staking/staking_webhooks_page.dart,standard,done
0,earn_staking,flutter_app/lib/features/earn_staking/presentation/pages/staking/staking_withdrawal_policy_page.dart,form,done
0,enterprise_states,flutter_app/lib/features/enterprise_states/presentation/pages/enterprise_states_page.dart,standard,done
0,enterprise_states,flutter_app/lib/features/enterprise_states/presentation/pages/force_update_gate_page.dart,standard,done
0,enterprise_states,flutter_app/lib/features/enterprise_states/presentation/pages/maintenance_gate_page.dart,standard,done
0,p2p_account,flutter_app/lib/features/p2p_account/presentation/pages/merchant/p2p_address_proof_page.dart,standard,done
0,p2p_account,flutter_app/lib/features/p2p_account/presentation/pages/merchant/p2p_identity_verification_page.dart,form,done
0,p2p_account,flutter_app/lib/features/p2p_account/presentation/pages/merchant/p2p_kyc_requirements_page.dart,form,done
0,p2p_account,flutter_app/lib/features/p2p_account/presentation/pages/merchant/p2p_kyc_status_page.dart,form,done
0,p2p_account,flutter_app/lib/features/p2p_account/presentation/pages/merchant/p2p_merchant_apply_page_state.dart,standard,done
0,p2p_account,flutter_app/lib/features/p2p_account/presentation/pages/merchant/p2p_selfie_verification_page.dart,form,done
0,p2p_account,flutter_app/lib/features/p2p_account/presentation/pages/payment/p2p_payment_method_cooling_period_page.dart,standard,done
0,p2p_account,flutter_app/lib/features/p2p_account/presentation/pages/payment/p2p_payment_method_history_page.dart,standard,done
0,p2p_account,flutter_app/lib/features/p2p_account/presentation/pages/payment/p2p_payment_method_verification_page.dart,form,done
2,p2p_core,flutter_app/lib/features/p2p_core/presentation/widgets/vit_p2p_flow_scaffold.dart,standard,pending
0,p2p_dispute,flutter_app/lib/features/p2p_dispute/presentation/pages/dispute/p2p_dispute_detail_page.dart,form,done
0,p2p_dispute,flutter_app/lib/features/p2p_dispute/presentation/pages/dispute/p2p_dispute_evidence_page.dart,form,done
0,p2p_dispute,flutter_app/lib/features/p2p_dispute/presentation/pages/dispute/p2p_dispute_page.dart,form,done
0,p2p_dispute,flutter_app/lib/features/p2p_dispute/presentation/pages/dispute/p2p_dispute_resolution_page.dart,form,done
0,p2p_dispute,flutter_app/lib/features/p2p_dispute/presentation/pages/dispute/p2p_disputes_page.dart,form,done
0,p2p_dispute,flutter_app/lib/features/p2p_dispute/presentation/pages/dispute/p2p_insurance_fund_overview_cards.dart,form,done
0,p2p_dispute,flutter_app/lib/features/p2p_dispute/presentation/pages/dispute/p2p_insurance_fund_page.dart,form,done
0,p2p_dispute,flutter_app/lib/features/p2p_dispute/presentation/pages/dispute/p2p_insurance_policy_page.dart,form,done
0,p2p_dispute,flutter_app/lib/features/p2p_dispute/presentation/pages/dispute/p2p_insurance_score_page.dart,form,done
0,p2p_marketplace,flutter_app/lib/features/p2p_marketplace/presentation/pages/ads/p2p_ad_analytics_page.dart,standard,done
0,p2p_marketplace,flutter_app/lib/features/p2p_marketplace/presentation/pages/ads/p2p_ad_detail_page.dart,standard,done
0,p2p_marketplace,flutter_app/lib/features/p2p_marketplace/presentation/pages/ads/p2p_order_book_page.dart,standard,done
0,p2p_marketplace,flutter_app/lib/features/p2p_marketplace/presentation/pages/hub/p2p_dashboard_page.dart,standard,done
0,p2p_marketplace,flutter_app/lib/features/p2p_marketplace/presentation/pages/hub/p2p_express_confirm_page.dart,standard,done
0,p2p_marketplace,flutter_app/lib/features/p2p_marketplace/presentation/pages/hub/p2p_guide_page.dart,standard,done
0,p2p_marketplace,flutter_app/lib/features/p2p_marketplace/presentation/pages/hub/p2p_notifications_settings_page.dart,standard,done
0,p2p_marketplace,flutter_app/lib/features/p2p_marketplace/presentation/pages/hub/p2p_settings_page.dart,standard,done
0,p2p_marketplace,flutter_app/lib/features/p2p_marketplace/presentation/pages/hub/p2p_trading_level_page.dart,standard,done
0,p2p_marketplace,flutter_app/lib/features/p2p_marketplace/presentation/widgets/hub/p2p_express_page_state.dart,standard,done
0,p2p_marketplace,flutter_app/lib/features/p2p_marketplace/presentation/widgets/hub/p2p_home_page_state.dart,standard,done
0,p2p_orders,flutter_app/lib/features/p2p_orders/presentation/pages/orders/p2p_chat_page.dart,standard,done
0,p2p_orders,flutter_app/lib/features/p2p_orders/presentation/pages/orders/p2p_my_orders_page.dart,standard,done
0,p2p_orders,flutter_app/lib/features/p2p_orders/presentation/pages/orders/p2p_order_cancel_page.dart,standard,done
0,p2p_orders,flutter_app/lib/features/p2p_orders/presentation/pages/orders/p2p_order_proof_page.dart,standard,done
0,p2p_orders,flutter_app/lib/features/p2p_orders/presentation/pages/orders/p2p_order_rate_page.dart,standard,done
0,p2p_orders,flutter_app/lib/features/p2p_orders/presentation/pages/orders/p2p_order_timeline_page.dart,standard,done
0,p2p_orders,flutter_app/lib/features/p2p_orders/presentation/pages/wallet/p2p_wallet_page.dart,standard,done
0,p2p_orders,flutter_app/lib/features/p2p_orders/presentation/pages/wallet/p2p_wallet_transfer_page.dart,standard,done
0,p2p_orders,flutter_app/lib/features/p2p_orders/presentation/widgets/orders/p2p_order_page_state.dart,standard,done
0,p2p_security,flutter_app/lib/features/p2p_security/presentation/pages/security/p2p_achievements_page.dart,standard,done
0,p2p_security,flutter_app/lib/features/p2p_security/presentation/pages/security/p2p_aml_screening_page.dart,standard,done
0,p2p_security,flutter_app/lib/features/p2p_security/presentation/pages/security/p2p_anti_phishing_code_page.dart,standard,done
0,p2p_security,flutter_app/lib/features/p2p_security/presentation/pages/security/p2p_blacklist_add_page.dart,standard,done
0,p2p_security,flutter_app/lib/features/p2p_security/presentation/pages/security/p2p_blacklist_page.dart,standard,done
0,p2p_security,flutter_app/lib/features/p2p_security/presentation/pages/security/p2p_compliance_overview_page.dart,standard,done
0,p2p_security,flutter_app/lib/features/p2p_security/presentation/pages/security/p2p_contribution_history_page.dart,standard,done
0,p2p_security,flutter_app/lib/features/p2p_security/presentation/pages/security/p2p_e2e_info_page.dart,standard,done
0,p2p_security,flutter_app/lib/features/p2p_security/presentation/pages/security/p2p_fraud_prevention_page.dart,standard,done
0,p2p_security,flutter_app/lib/features/p2p_security/presentation/pages/security/p2p_large_transaction_justification_page.dart,standard,done
0,p2p_security,flutter_app/lib/features/p2p_security/presentation/pages/security/p2p_login_history_page.dart,standard,done
0,p2p_security,flutter_app/lib/features/p2p_security/presentation/pages/security/p2p_report_merchant_page.dart,standard,done
0,p2p_security,flutter_app/lib/features/p2p_security/presentation/pages/security/p2p_reviews_page.dart,standard,done
0,p2p_security,flutter_app/lib/features/p2p_security/presentation/pages/security/p2p_risk_assessment_page.dart,standard,done
0,p2p_security,flutter_app/lib/features/p2p_security/presentation/pages/security/p2p_security_center_page.dart,standard,done
0,p2p_security,flutter_app/lib/features/p2p_security/presentation/pages/security/p2p_source_of_funds_page.dart,standard,done
0,p2p_security,flutter_app/lib/features/p2p_security/presentation/pages/security/p2p_tax_reporting_page.dart,standard,done
0,p2p_security,flutter_app/lib/features/p2p_security/presentation/pages/security/p2p_transaction_limits_page.dart,standard,done
0,rewards,flutter_app/lib/features/rewards/presentation/pages/rewards_hub_page.dart,standard,done
0,trade_bots,flutter_app/lib/features/trade_bots/presentation/widgets/settings/bot_api_documentation_endpoints.dart,standard,done
0,trade_bots,flutter_app/lib/features/trade_bots/presentation/widgets/settings/bot_api_documentation_support_common.dart,standard,done
0,trade_bots,flutter_app/lib/features/trade_bots/presentation/widgets/settings/bot_api_documentation_websocket_examples.dart,standard,done
0,trade_bots,flutter_app/lib/features/trade_bots/presentation/widgets/settings/bot_guide_blocks.dart,standard,done
0,trade_bots,flutter_app/lib/features/trade_bots/presentation/widgets/settings/bot_guide_practices_videos.dart,standard,done
0,trade_bots,flutter_app/lib/features/trade_bots/presentation/widgets/settings/bot_guide_strategies.dart,standard,done
0,trade_bots,flutter_app/lib/features/trade_bots/presentation/widgets/settings/bot_security_settings_cards.dart,standard,done
0,trade_bots,flutter_app/lib/features/trade_bots/presentation/widgets/settings/bot_suitability_breakdown_common.dart,standard,done
0,trade_bots,flutter_app/lib/features/trade_bots/presentation/widgets/settings/bot_suitability_questions_info.dart,standard,done
0,trade_bots,flutter_app/lib/features/trade_bots/presentation/widgets/settings/bot_suitability_result_score.dart,standard,done
0,trade_compliance,flutter_app/lib/features/trade_compliance/presentation/widgets/client_money/client_money_protection_page_sections.dart,standard,done
0,trade_compliance,flutter_app/lib/features/trade_compliance/presentation/widgets/client_money/investor_compensation_page_common.dart,standard,done
0,trade_compliance,flutter_app/lib/features/trade_compliance/presentation/widgets/client_money/investor_compensation_page_sections.dart,standard,done
0,trade_compliance,flutter_app/lib/features/trade_compliance/presentation/widgets/complaints/complaints_handling_overview_complaints.dart,standard,done
0,trade_compliance,flutter_app/lib/features/trade_compliance/presentation/widgets/complaints/complaints_handling_process_common.dart,standard,done
0,trade_compliance,flutter_app/lib/features/trade_compliance/presentation/widgets/disclosures/regulatory_disclosures_tabs.dart,standard,done
0,trade_compliance,flutter_app/lib/features/trade_compliance/presentation/widgets/disclosures/risk_indicator_details_common.dart,standard,done
0,trade_compliance,flutter_app/lib/features/trade_compliance/presentation/widgets/execution/best_execution_current.dart,standard,done
0,trade_compliance,flutter_app/lib/features/trade_compliance/presentation/widgets/execution/market_data_analytics_funding_traders.dart,standard,done
0,trade_compliance,flutter_app/lib/features/trade_compliance/presentation/widgets/execution/market_data_analytics_liquidations.dart,standard,done
0,trade_compliance,flutter_app/lib/features/trade_compliance/presentation/widgets/execution/market_data_analytics_open_interest.dart,standard,done
0,trade_compliance,flutter_app/lib/features/trade_compliance/presentation/widgets/execution/market_data_analytics_sentiment.dart,standard,done
0,trade_compliance,flutter_app/lib/features/trade_compliance/presentation/widgets/execution/slippage_monitoring_events.dart,standard,done
0,trade_compliance,flutter_app/lib/features/trade_compliance/presentation/widgets/execution/slippage_monitoring_tabs.dart,standard,done
0,trade_compliance,flutter_app/lib/features/trade_compliance/presentation/widgets/governance/client_categorization_history_tab.dart,standard,done
0,trade_compliance,flutter_app/lib/features/trade_compliance/presentation/widgets/governance/client_categorization_overview_tab.dart,standard,done
0,trade_compliance,flutter_app/lib/features/trade_compliance/presentation/widgets/governance/client_categorization_page_chrome.dart,standard,done
0,trade_compliance,flutter_app/lib/features/trade_compliance/presentation/widgets/governance/client_categorization_protections_requirements_tab.dart,standard,done
0,trade_compliance,flutter_app/lib/features/trade_compliance/presentation/widgets/hub/regulatory_reports_dashboard_exports.dart,standard,done
0,trade_compliance,flutter_app/lib/features/trade_compliance/presentation/widgets/hub/regulatory_reports_dashboard_overview.dart,standard,done
0,trade_compliance,flutter_app/lib/features/trade_compliance/presentation/widgets/hub/regulatory_reports_dashboard_queue_compliance.dart,standard,done
0,trade_copy,flutter_app/lib/features/trade_copy/presentation/widgets/analytics/performance_attribution_summary_tabs.dart,standard,done
0,trade_copy,flutter_app/lib/features/trade_copy/presentation/widgets/analytics/performance_attribution_tabs.dart,standard,done
0,trade_copy,flutter_app/lib/features/trade_copy/presentation/widgets/hub/active_copies_overview.dart,standard,done
0,trade_copy,flutter_app/lib/features/trade_copy/presentation/widgets/provider/provider_governance_page_common.dart,standard,done
0,trade_copy,flutter_app/lib/features/trade_copy/presentation/widgets/provider/provider_governance_page_details.dart,standard,done
0,trade_copy,flutter_app/lib/features/trade_copy/presentation/widgets/provider/provider_governance_page_overview.dart,standard,done
0,trade_copy,flutter_app/lib/features/trade_copy/presentation/widgets/provider/trader_profile_stats_common.dart,standard,done
0,trade_copy,flutter_app/lib/features/trade_copy/presentation/widgets/provider/trader_profile_trades.dart,standard,done
0,trade_copy,flutter_app/lib/features/trade_copy/presentation/widgets/safety/dispute_resolution_cases.dart,form,done
0,trade_copy,flutter_app/lib/features/trade_copy/presentation/widgets/safety/dispute_resolution_form.dart,form,done
0,trade_copy,flutter_app/lib/features/trade_copy/presentation/widgets/safety/safety_education_page_common.dart,standard,done
0,trade_copy,flutter_app/lib/features/trade_copy/presentation/widgets/safety/safety_education_page_sections.dart,standard,done
0,trade_core,flutter_app/lib/features/trade_core/presentation/widgets/trade_module_layout.dart,standard,done
0,trade_terminal,flutter_app/lib/features/trade_terminal/presentation/pages/tools/advanced_chart_page.dart,flush,done
0,trade_terminal,flutter_app/lib/features/trade_terminal/presentation/widgets/tools/advanced_analytics_page_ai_signals.dart,flush,done
0,trade_terminal,flutter_app/lib/features/trade_terminal/presentation/widgets/tools/advanced_analytics_page_risk_journal.dart,flush,done
0,trade_terminal,flutter_app/lib/features/trade_terminal/presentation/widgets/tools/advanced_analytics_page_sizing_footer.dart,flush,done
